epoch,train_si_snr_loss,train_spectral_loss,train_amplitude_loss_db,train_waveform_loss,train_transparency_loss,train_total_loss,train_rms_ratio,train_reconstruction_snr_db,train_clipping_pct,val_si_snr_loss,val_spectral_loss,val_amplitude_loss_db,val_waveform_loss,val_transparency_loss,val_total_loss,val_rms_ratio,val_reconstruction_snr_db,val_clipping_pct,learning_rate,epoch_time_sec,cumulative_time_sec,best_val_loss,best_epoch,patience_counter,val_si_snr_before_db_full,val_si_snr_after_db_full,val_si_snr_improvement_db_full,val_reconstruction_snr_db_full,val_stoi_before,val_stoi_after,val_stoi_improvement,val_pesq_before,val_pesq_after,val_pesq_improvement,val_stoi_n_valid,val_stoi_n_skipped,val_pesq_n_valid,val_pesq_n_skipped
1,9.914093392705546,0.8740564301609993,3.7207314097881317,0.04728294963017106,0.1995076254149899,14.468024313692004,1.0157682488206774,1.1888887606421485,0.00046875,-5.587347209453583,0.8070525670051575,1.4031482887268067,0.03734722699970007,0.1611742517352104,-2.3308145141601564,1.0389543735980988,6.322086159586906,0.0,0.0002,98.2,98.2,-2.3308145141601564,1,0,8.727316887676716,5.5873472693562505,-3.1399696183204657,6.322086278425189,0.8312980455357512,0.7891082997370106,-0.042189745798740574,1.8219527065753938,1.5049570524692535,-0.3169956541061403,100.0,0.0,100.0,0.0
2,-3.3106020905822517,0.6404661308228969,3.0976802146434785,0.03957841349765658,0.10788127961801365,0.34597007248550654,1.0970002077892422,3.449081692319014,0.00047265624999999993,-6.858489837646484,0.5275514543056488,2.9128035736083984,0.035639394521713254,0.23860426753759384,-3.4365232753753663,0.7686372047662735,5.726902181506157,0.0,0.0002,96.96,195.16,-3.4365232753753663,2,0,,,,,,,,,,,,,,
3,-4.5080456790328025,0.5387455114722252,3.1164610171318055,0.0379748819861561,0.10493915523635224,-1.0306785813719035,1.1166804822161793,3.961354432650842,0.00026953125,-7.955951027870178,0.5410889184474945,1.6478090286254883,0.03187733329832554,0.15278308898210524,-5.173869729042053,0.9297268068790436,7.604768543541431,0.0,0.0002,108.36,303.53,-5.173869729042053,3,0,,,,,,,,,,,,,,
4,-5.072135475277901,0.49130958750844,2.642639946937561,0.03537290465086698,0.09513665015110746,-1.9242519734054804,1.255681910160929,4.7980304534966125,0.00020703125,-8.630103905200958,0.46614610314369204,1.8499627017974853,0.03073791116476059,0.15968511655926704,-5.912388157844544,0.8872175818681717,7.754154804348945,0.0,0.0002,114.16,417.68,-5.912388157844544,4,0,,,,,,,,,,,,,,
5,-5.3996148531138894,0.4808670425415039,2.6598508167266846,0.035702281547710296,0.10325155310158152,-2.232426873277873,1.2765134392492472,5.041587536362931,0.00014453125000000002,-8.958452606201172,0.4430081868171692,2.1455510330200194,0.030410188734531402,0.17548934876918793,-6.175780291557312,0.8418962728977203,7.629370751306414,0.0,0.0002,104.33,522.02,-6.175780291557312,5,0,8.727316887676716,8.958452605307102,0.23113571763038543,7.629370935918819,0.8312980455357512,0.8179129013436993,-0.013385144192051834,1.8219527065753938,1.6858908224105835,-0.13606188416481024,100.0,0.0,100.0,0.0
6,-5.913455954939127,0.4472725588083267,2.4624836945533755,0.03361499425489455,0.08249013416352682,-2.9641984103620054,1.016918637342751,5.563076770367334,3.90625e-05,-9.291994619369508,0.44340203404426576,1.6671821689605713,0.028830085378140212,0.14372550517320634,-6.763208270072937,0.9016452831029892,8.491760144382715,0.0,0.0002,97.33,619.34,-6.763208270072937,6,0,,,,,,,,,,,,,,
7,-6.277652289867401,0.4250154798477888,2.4260941839218138,0.03147719454020262,0.08110490032471716,-3.469843892082572,1.0435721556097268,5.766557876806473,9.765625e-05,-9.814312868118286,0.4497783350944519,1.136411657333374,0.0265211958065629,0.10215633809566498,-7.595394840240479,0.9796551424264908,9.894554266035557,0.0,0.0002,99.81,719.16,-7.595394840240479,7,0,,,,,,,,,,,,,,
8,-6.717772242426872,0.4115281218290329,2.4069043505191803,0.0302965169493109,0.07306662203511223,-3.9962802893295883,1.1510467205569148,6.1585966198740065,1.5625e-05,-9.936481466293335,0.39882216811180116,2.008155632019043,0.027190815899521114,0.15925881400704384,-7.4164129161834715,0.8389328598976136,8.610432266369463,0.0,0.0002,99.48,818.63,-7.595394840240479,7,1,,,,,,,,,,,,,,
9,-6.416660761237145,0.403844637721777,2.4262294292449953,0.031361812949180605,0.08689175887906458,-3.6299648659303783,1.0143675870075821,5.968932554133935,0.00014062500000000002,-10.08845458984375,0.4113101243972778,1.316320037841797,0.02549100985750556,0.11772805660963058,-7.8899698829650875,0.9261337155103684,9.805092343539,0.0,0.0002,100.53,919.16,-7.8899698829650875,9,0,,,,,,,,,,,,,,
10,-7.050709377527237,0.39407050639390945,2.4228505539894103,0.030753962183371186,0.09403136893408373,-4.298054234683514,1.0125436472892761,6.404774080771022,0.0001328125,-10.232268567085265,0.3822896420955658,1.5017425060272216,0.02492900922894478,0.12811097323894502,-8.024894680976868,0.8862768983840943,9.669226720258594,0.0,0.0002,102.25,1021.41,-8.024894680976868,10,0,8.727316887676716,10.232268608510495,1.5049517208337786,9.669226809838774,0.8312980455357512,0.8182447598020388,-0.013053285733712339,1.8219527065753938,1.7129124009609222,-0.10904030561447153,100.0,0.0,100.0,0.0
11,-7.269640642404556,0.3753516913205385,2.322190573215485,0.029186050035059453,0.07708850678638555,-4.66124073876068,1.0043784168362617,6.726123230569065,0.00014453125000000002,-10.174968423843383,0.36048588514328,1.758641242980957,0.02575250143185258,0.1411524720489979,-7.85811264038086,0.8641605603694916,9.200344739444553,0.0,0.0002,94.55,1115.96,-8.024894680976868,10,1,,,,,,,,,,,,,,
12,-7.000598604679108,0.37291816249489784,2.45315922498703,0.029673577155917882,0.07976709095819387,-4.328286681734025,1.0496554149128496,6.296907773318235,0.0001484375,-10.383207216262818,0.34965011179447175,2.023919925689697,0.025728940088301896,0.15191051185131074,-7.988023443222046,0.8298884785175323,8.968624681681394,0.0,0.0002,98.46,1214.42,-8.024894680976868,10,2,,,,,,,,,,,,,,
13,-7.453389008939266,0.3557305650413036,2.251014143228531,0.028399220993742348,0.07347664138418622,-4.928916483465582,0.9941406952403485,6.787576861804118,3.125e-05,-10.747807717323303,0.3519077414274216,1.4369545936584474,0.023898754734545946,0.12215260997414588,-8.647723264694214,0.894362969994545,10.138264679089188,0.0,0.0002,101.13,1315.55,-8.647723264694214,13,0,,,,,,,,,,,,,,
14,-7.446312607824803,0.3601100313663483,2.2038750398159026,0.02874789563473314,0.08686759222764522,-4.900777691081166,0.9555298577807844,7.016592986846808,0.00016406249999999998,-10.905602991580963,0.3469200843572617,1.2700175666809081,0.023200234789401294,0.11024199306964874,-8.907423648834229,0.9117834496498108,10.542413452863693,0.0,0.0002,106.29,1421.84,-8.907423648834229,14,0,,,,,,,,,,,,,,
15,-8.160931843742729,0.35192091174423695,2.2835333490371705,0.02857046009041369,0.08329439128865487,-5.612133452519775,0.9921506130136549,7.276856140436139,0.00028515625,-10.799224138259888,0.3394072645902634,1.3804333782196045,0.023562632482498885,0.11580202043056488,-8.751753206253051,0.900739859342575,10.311206201314926,0.0,0.0002,100.45,1522.29,-8.907423648834229,14,1,8.727316887676716,10.79922415561974,2.0719072679430237,10.311206345296181,0.8312980455357512,0.8196148509541277,-0.01168319458162348,1.8219527065753938,1.7793309891223907,-0.04262171745300303,100.0,0.0,100.0,0.0
16,-7.525473267734051,0.3451472770422697,2.4486588442325594,0.027535409207921475,0.06708278996287845,-5.0018750637769696,1.017681361399591,6.702246728719911,6.640625e-05,-10.935397872924804,0.34027403593063354,1.197697410583496,0.02272945277392864,0.1056828460097313,-8.993658924102784,0.9249956512451172,10.765736686885356,0.0,0.0002,94.2,1616.5,-8.993658924102784,16,0,,,,,,,,,,,,,,
17,-8.108701568990945,0.33987021662294864,2.259781738519669,0.027487556203268468,0.07910206342348829,-5.637416925728321,0.9622611409425735,7.341459863050841,0.00012890625,-11.128322143554687,0.32509560585021974,1.5162943172454835,0.022960997857153415,0.12483293965458869,-9.075455322265626,0.867976751923561,10.28765123181045,0.0,0.0002,97.19,1713.69,-9.075455322265626,17,0,,,,,,,,,,,,,,
18,-7.9484711889922615,0.32567298635840414,2.195924745798111,0.025717532897833736,0.0766862394916825,-5.60145785830915,0.9905725087970495,7.166766510544112,0.00018359375,-11.045287599563599,0.323157274723053,1.6019279098510741,0.023540178332477808,0.13119356215000152,-8.933349494934083,0.8728158903121949,10.008329866528511,0.0,0.0002,99.42,1813.11,-9.075455322265626,17,1,,,,,,,,,,,,,,
19,-8.30704709082842,0.33046590492129324,2.0500267088413238,0.02682469816179946,0.07491543351206928,-5.945422808676958,0.9848751370981336,7.729591976497322,7.421874999999998e-05,-11.206944305896759,0.3210594701766968,1.3661937236785888,0.022024877723306416,0.11235003679990768,-9.262432546615601,0.8908334919810295,10.757845842335373,0.0,0.0002,100.74,1913.85,-9.262432546615601,19,0,,,,,,,,,,,,,,
20,-8.672953337281943,0.32954598784446715,2.147387374639511,0.02699270360870287,0.08773923717089929,-6.261816748082638,1.0289486851356924,7.719554986493895,0.0002578125,-11.121655247211457,0.32421331346035004,1.2076881694793702,0.021784417517483234,0.10919859752058983,-9.236715869903565,0.9132829266786575,11.027039424926043,0.0,0.0002,96.13,2009.98,-9.262432546615601,19,1,8.727316887676716,11.12165528073907,2.3943383930623536,11.027039555317614,0.8312980455357512,0.8124085853060967,-0.01888946022965443,1.8219527065753938,1.7145192909240723,-0.10743341565132147,100.0,0.0,100.0,0.0
21,-8.067110252678395,0.3174767118692398,2.220326464176178,0.025764195332303643,0.062160203089006244,-5.733165595233441,0.9818746464326977,7.1572715898937895,0.000234375,-11.218382618427277,0.31348042845726015,1.6135557556152345,0.02301949942484498,0.12638048872351645,-9.143480072021484,0.8702329987287521,10.102146701216698,0.0,0.0002,96.2,2106.19,-9.262432546615601,19,2,,,,,,,,,,,,,,
22,-8.570394755005836,0.31053147166967393,1.9816439485549926,0.024899123499635606,0.06918996610213071,-6.351223939359188,0.9805703212879598,7.844739671245915,0.00033984375,-11.442672755718231,0.3309758508205414,0.8216942882537842,0.021320629082620144,0.08806902334094048,-9.711088209152221,0.998817018866539,11.687716601416469,0.0,0.0002,96.54,2202.73,-9.711088209152221,22,0,,,,,,,,,,,,,,
23,-8.324354906082153,0.305643006414175,2.157916942834854,0.025370885492302476,0.0630254068353679,-6.039767108559609,1.0302796211466194,7.399157006330788,5.859374999999999e-05,-11.630371220111847,0.3107007527351379,1.2009788036346436,0.021892789807170628,0.10484192088246345,-9.7598952293396,0.9174344307184219,11.118866096735001,0.0,0.0002,99.12,2301.85,-9.7598952293396,23,0,,,,,,,,,,,,,,
24,-8.73705983966589,0.3065924106538296,2.1128254449367523,0.02561318795895204,0.07895177660218905,-6.437008613534272,1.0087433716468512,7.745834358530119,0.00012890625,-11.621475908756256,0.3089332115650177,1.2261323833465576,0.021534953732043505,0.10864665627479553,-9.759308576583862,0.9060858252644539,11.18941180229187,0.0,0.0002,97.68,2399.52,-9.7598952293396,23,1,,,,,,,,,,,,,,
25,-8.751527007743716,0.3072568380087614,2.1235005438327788,0.025056129302829504,0.07366285241092556,-6.480750600676983,0.9932392209395766,7.668400848250603,2.34375e-05,-11.59574758529663,0.3017519450187683,1.316880989074707,0.021211960315704347,0.10787751898169518,-9.73045573234558,0.8898474103212357,11.137947563901543,0.0,0.0002,100.5,2500.02,-9.7598952293396,23,2,8.727316887676716,11.595747589878737,2.868430702202021,11.137947665676661,0.8312980455357512,0.8083642752765741,-0.02293377025917709,1.8219527065753938,1.7498025476932526,-0.07215015888214116,100.0,0.0,100.0,0.0
26,-8.302441880106926,0.312253517434001,2.2596273791790007,0.026469835783354937,0.0656308753741905,-5.92317746270448,1.0003580779209733,7.40335716221598,0.00021874999999999998,-11.694270663261413,0.3170436656475067,0.8347414302825927,0.020397772900760173,0.08507789835333825,-10.021838235855103,0.9572574305534363,11.982183490395546,0.0,0.0002,92.93,2592.95,-10.021838235855103,26,0,,,,,,,,,,,,,,
27,-8.64768029242754,0.2985513909161091,1.9421825325489044,0.02352730027399957,0.0694278618862154,-6.520681214444339,1.0308778496459126,7.9512176129827274,4.6875e-05,-11.801513748168945,0.311580645442009,0.978525390625,0.020516214445233345,0.08919464439153671,-10.081370162963868,0.9340840822458267,11.92535265624523,0.0,0.0002,97.01,2689.97,-10.081370162963868,27,0,,,,,,,,,,,,,,
28,-9.093119517862796,0.29808827236294744,2.0579482388496397,0.024237684344407172,0.06846264435793273,-6.897299884408713,0.9797995276749134,8.204399725520052,1.171875e-05,-11.804423310756682,0.3025610256195068,0.9724319648742675,0.020538188852369785,0.08942931264638901,-10.093793992996217,0.9402339386940003,11.890158515572548,0.0,0.0002,100.82,2790.79,-10.093793992996217,28,0,,,,,,,,,,,,,,
29,-9.155830748677253,0.2886084099858999,1.9704865431785583,0.023825617153197528,0.07841363817220554,-7.006381908562035,0.9704205328784883,8.201779834413902,3.90625e-05,-11.831832449436188,0.30247478604316713,0.9076421546936035,0.020145957469940187,0.08525406584143638,-10.164512844085694,0.947393279671669,12.078371759355068,0.0,0.0002,99.48,2890.27,-10.164512844085694,29,0,,,,,,,,,,,,,,
30,-8.80356960117817,0.30279748886823654,2.0337800002098083,0.02553844562266022,0.06796386022819206,-6.54575192630291,0.9712893596105278,8.164997228193096,0.00015234375000000003,-11.729743094444276,0.2977979350090027,0.9089255237579346,0.020274300687015058,0.08316507995128632,-10.062387170791625,0.9519080039858818,11.973352924287319,0.0,0.0002,98.65,2988.92,-10.164512844085694,29,1,8.727316887676716,11.729743134919554,3.0024262472428376,11.973353045014326,0.8312980455357512,0.8202599549828546,-0.011038090552896507,1.8219527065753938,1.7799626326560973,-0.04199007391929643,100.0,0.0,100.0,0.0
31,-8.914579811692239,0.29238294921815394,2.008954656124115,0.024333924511447547,0.06211580885748844,-6.740698428452015,1.0017540455516427,8.129829603331164,0.00010546875000000001,-11.653558275699616,0.2980288279056549,1.0178867340087892,0.019695784226059915,0.0927074633538723,-9.97266653060913,0.918588248193264,11.906770423650741,0.0,0.0002,91.58,3080.5,-10.164512844085694,29,2,,,,,,,,,,,,,,
32,-8.952792531251907,0.28504660077393057,2.033318057060242,0.023700235749129207,0.06555720046861097,-6.80718149676919,1.0492335820011796,8.109711076375097,0.00010546875000000001,-11.865451395511627,0.3031257110834122,0.7639784336090087,0.020043185465037822,0.07705877341330052,-10.253914308547973,0.9692084935307502,12.15354024592787,0.0,0.0002,94.65,3175.15,-10.253914308547973,32,0,,,,,,,,,,,,,,
33,-9.566702571511268,0.2791749078035355,1.8590964686870575,0.022417577134910972,0.06512778685544618,-7.543792083710432,0.9925363223254681,8.67318692489527,0.00010546875000000001,-11.854022333621979,0.29298649430274964,0.8242770385742187,0.019676151257008313,0.08617359012365342,-10.243771476745605,0.955562311410904,12.150316852405668,0.0,0.0002,97.04,3272.19,-10.253914308547973,32,1,,,,,,,,,,,,,,
34,-8.634526324272155,0.28895433239638807,1.9669960248470306,0.02391295811161399,0.05877621293067932,-6.501049084365368,1.0281692307628691,8.194477974430193,0.0,-11.9760662150383,0.28451335489749907,1.0158088397979737,0.020248162541538477,0.09171731144189835,-10.282684497833252,0.9331238347291947,12.010863201388856,0.0,0.0002,98.51,3370.71,-10.282684497833252,34,0,,,,,,,,,,,,,,
35,-9.123196950554847,0.2889961127191782,1.8649591648578643,0.02495286060962826,0.06710095628281124,-6.959969090819359,1.0276434019580483,8.44064636045805,0.00016796875000000004,-12.00113837003708,0.304919935464859,0.8138772201538086,0.02019312983378768,0.08654654443264008,-10.355852270126343,1.020160431265831,11.859906063824893,0.00025,0.0002,97.52,3468.23,-10.355852270126343,35,0,8.727316887676716,12.001138410866261,3.273821523189545,11.859906157842916,0.8312980455357512,0.8249348922211794,-0.006363153314571712,1.8219527065753938,1.8123566782474518,-0.00959602832794193,100.0,0.0,100.0,0.0
36,-9.688557571768762,0.27140633068978787,1.6776667475700378,0.021991453748196364,0.0635207095235819,-7.7507578286528584,0.9662206235341728,9.03575047868304,3.125e-05,-12.108154480457307,0.2862711983919144,0.7795886421203613,0.019798172218725086,0.07861555963754654,-10.519482345581055,0.9696661776304245,12.377097013890744,0.0,0.0002,92.22,3560.45,-10.519482345581055,36,0,,,,,,,,,,,,,,
37,-8.89875701725483,0.28187145084142684,2.057977176904678,0.024561119715217503,0.05919436063850299,-6.712242044061423,1.099006460448727,8.096366748763248,3.125e-05,-12.152677063941956,0.2971144437789917,0.7832187652587891,0.01966774424538016,0.08672515362501144,-10.550484800338745,1.0014572644233704,12.189295700490474,0.0001875,0.0002,101.42,3661.87,-10.550484800338745,37,0,,,,,,,,,,,,,,
38,-9.511156956888735,0.26978217884898187,1.9897564685344695,0.022258105496875943,0.0674554967856966,-7.46408702492714,1.018897844273597,8.69053151588887,0.0001328125,-11.951074395179749,0.28872737526893616,0.7598710918426513,0.019752086270600558,0.08524884916841984,-10.361532440185547,0.964903764128685,12.233672497868538,0.0,0.0002,98.68,3760.54,-10.550484800338745,37,1,,,,,,,,,,,,,,
39,-9.532197382450104,0.28024698607623577,1.8300569260120392,0.023891539494507015,0.061777556801680476,-7.44657877266407,0.946343716289848,8.815321701923386,3.5156250000000004e-05,-12.122500760555267,0.27857970118522646,0.9474923133850097,0.01938396701589227,0.09080728963017463,-10.499667854309083,0.9258379799127578,12.258167551755905,0.0,0.0002,97.7,3858.25,-10.550484800338745,37,2,,,,,,,,,,,,,,
40,-9.25100020557642,0.2806248403340578,1.8049657797813417,0.024688790140207858,0.061464902176521716,-7.13298125565052,0.9544654158502817,8.504806140474976,4.296875e-05,-12.085093259811401,0.2761565601825714,0.8162946224212646,0.01930461160838604,0.08338436976075173,-10.51543342590332,0.9519323837757111,12.350594644248485,0.0,0.0002,97.91,3956.16,-10.550484800338745,37,3,8.727316887676716,12.085093166194856,3.3577762785181395,12.350594764411156,0.8312980455357512,0.822844110747909,-0.008453934787842177,1.8219527065753938,1.8079927790164947,-0.013959927558899077,100.0,0.0,100.0,0.0
41,-9.399587684571744,0.27560147240757943,1.8703469622135163,0.023439065001439302,0.05905420764232985,-7.331874631270766,0.9815291714109481,8.684388454395812,0.00020312499999999996,-12.089272680282592,0.2718776398897171,0.8073169708251953,0.019106833655387165,0.08107812821865082,-10.5387802028656,0.9465972489118576,12.379318115115165,0.0,0.0001,92.2,4048.36,-10.550484800338745,37,4,,,,,,,,,,,,,,
42,-9.541566008925438,0.25800075963139535,1.75727343916893,0.02191897706827149,0.0605816793825943,-7.599852682799101,0.9668955674953759,8.811245039394125,6.640625e-05,-12.10677282333374,0.27512759745121,0.8181245517730713,0.019066952001303435,0.08255358040332794,-10.55030665397644,0.9601690033078194,12.349294304079375,3.125e-05,0.0001,96.09,4144.45,-10.550484800338745,37,5,,,,,,,,,,,,,,
43,-9.819784110188484,0.2630644902586937,1.8369897818565368,0.022529889086727053,0.05739152492722496,-7.821736664772033,1.0006125604920089,9.013863110933453,3.9062499999999994e-05,-12.388538370132446,0.28181225538253785,0.8229656028747558,0.01911208301782608,0.08394897937774658,-10.820283317565918,0.9991428416967392,12.296971381939947,0.0001875,0.0001,97.25,4241.7,-10.820283317565918,43,0,,,,,,,,,,,,,,
44,-10.153863552510739,0.26123367235064504,1.6405122995376586,0.021794153295923026,0.05882370620383881,-8.251944807767869,0.9563065427541733,9.460985295632854,0.00011328124999999999,-12.399315190315246,0.27347109496593475,0.7448808860778808,0.01900098480284214,0.07960913732647895,-10.872721176147461,0.9741334655880928,12.624178207218646,3.125e-05,0.0001,99.59,4341.29,-10.872721176147461,44,0,,,,,,,,,,,,,,
45,-9.895203901529312,0.2612741244584322,1.6898605000972748,0.02237785213859752,0.060524860266014,-7.947554144263267,0.9549188482575118,9.129391005760407,1.5625e-05,-12.377790849208832,0.27354083597660067,0.7786285972595215,0.01897302276454866,0.07993617489933967,-10.842074236869813,0.9767609721422196,12.585825018361211,3.125e-05,0.0001,98.87,4440.16,-10.872721176147461,44,1,8.727316887676716,12.377791057229041,3.650474169552325,12.585825023651736,0.8312980455357512,0.8282230734918251,-0.0030749720439260386,1.8219527065753938,1.8213487684726715,-0.0006039381027223012,100.0,0.0,100.0,0.0
46,-9.734493650794029,0.2542548169195652,1.9103929805755615,0.02133412532042712,0.0632372483110521,-7.777177467346191,0.995547545896843,8.75106662357226,0.00015234375,-12.406873614788056,0.2840746468305588,0.8553081035614014,0.019714212231338023,0.08988001272082329,-10.790615949630737,1.0299340510368347,11.999524626731873,0.000375,0.0001,93.47,4533.63,-10.872721176147461,44,2,,,,,,,,,,,,,,
47,-9.712818894386292,0.2559207421541214,1.696713786125183,0.021457846739795058,0.058199643924017434,-7.816792029440403,0.9707223051600158,9.11424611392431,2.34375e-05,-12.403143854141236,0.2675643444061279,0.8340982246398926,0.018699563667178155,0.08526407986879349,-10.865107645988465,0.9449093762040138,12.65376446582377,3.125e-05,0.0001,97.56,4631.18,-10.872721176147461,44,3,,,,,,,,,,,,,,
48,-9.90012992620468,0.2579317618906498,1.7940718936920166,0.02212207056581974,0.04519848207943142,-7.952674603760243,0.9722487785853445,9.048437196132728,0.00014453125000000002,-12.3646324634552,0.2643856427073479,0.7887428760528564,0.018872497584670783,0.08490304708480835,-10.835096254348755,0.9507184422016144,12.614691638052463,0.0,5e-05,96.95,4728.14,-10.872721176147461,44,4,,,,,,,,,,,,,,
49,-10.363815199434757,0.25347015768289566,1.8326782476902008,0.021686262728180736,0.06270976858882932,-8.413518611192703,0.9517128723394126,9.154557784025092,3.906250000000001e-05,-12.384380867481232,0.2765055787563324,0.7734097862243652,0.01922567989677191,0.08741860628128052,-10.82714988708496,1.0010669428110122,12.233705836832524,0.00021874999999999998,5e-05,101.14,4829.28,-10.872721176147461,44,5,,,,,,,,,,,,,,
50,-9.61600598692894,0.25924357153475286,1.836498614549637,0.02245684795547277,0.05050954909180291,-7.632460917532444,0.9531255256198347,8.803120903596282,6.640625e-05,-12.341635565757752,0.25896265387535095,1.098912878036499,0.01928507293574512,0.09656811848282815,-10.692177362442017,0.9070338854193687,12.167437111884356,0.0,5e-05,100.43,4929.71,-10.872721176147461,44,6,8.727316887676716,12.341635505259037,3.6143186175823203,12.1674372674797,0.8312980455357512,0.830686274705448,-0.000611770830303171,1.8219527065753938,1.8055550050735474,-0.016397701501846385,100.0,0.0,100.0,0.0
51,-10.183259123265744,0.2596995560079813,1.8142627358436585,0.022744068494066596,0.04942795219481923,-8.192649367991836,0.9466889424622059,9.194125875132158,2.34375e-05,-12.481280777454376,0.2691058331727982,0.7228322219848633,0.018840841362252832,0.07878064304590225,-10.974502611160279,0.965972070991993,12.737857943177223,0.0,5e-05,91.79,5021.5,-10.974502611160279,51,0,,,,,,,,,,,,,,
52,-9.93134583607316,0.2548840039223432,1.7489545726776123,0.021808133486192673,0.05186217275331728,-8.00950666666031,0.9600857348553836,8.993670584522187,0.0,-12.439902439117432,0.2796506172418594,0.8569254779815674,0.019699361585080625,0.08727250292897225,-10.830933504104614,1.0289189505577088,12.085730966329574,0.00040625000000000004,5e-05,95.91,5117.41,-10.974502611160279,51,1,,,,,,,,,,,,,,
53,-10.455507556796073,0.251320855692029,1.697613798379898,0.021263927093241364,0.056237465401063676,-8.575468675494195,0.9641532132402062,9.542286193680484,2.7343750000000004e-05,-12.341034502983094,0.2583292841911316,0.9710082817077637,0.019039257671684028,0.09157928816974163,-10.747860651016236,0.9245881578326225,12.365269196778536,0.0,5e-05,98.32,5215.72,-10.974502611160279,51,2,,,,,,,,,,,,,,
54,-9.981345373094081,0.2497986338287592,1.6948603427410125,0.020883101341314613,0.052954969197744506,-8.1259785425663,0.9983453775942326,9.257035703640431,0.00010156250000000002,-12.404206347465514,0.26655268788337705,0.7273128414154053,0.01872052367776632,0.08344548135995865,-10.89998827934265,0.9665978643298149,12.609561870545148,3.125e-05,5e-05,98.09,5313.81,-10.974502611160279,51,3,,,,,,,,,,,,,,
55,-9.899477734565735,0.26066575676202774,1.6712884151935576,0.022631618906743825,0.05825060944567667,-7.94759391784668,0.9466832100600004,9.192472835965454,9.375000000000002e-05,-12.496847727298736,0.2665874004364014,0.7358960819244384,0.018827432934194803,0.08333928823471069,-10.984780850410461,0.986558580994606,12.593055278658866,6.25e-05,5e-05,98.8,5412.62,-10.984780850410461,55,0,8.727316887676716,12.496847856678068,3.7695309690013517,12.593055496993884,0.8312980455357512,0.8296539060765338,-0.0016441394592173753,1.8219527065753938,1.8354915726184844,0.013538866043090625,100.0,0.0,100.0,0.0
56,-9.965354546904564,0.24781852439045907,1.7484988117218017,0.02119071263121441,0.05434537210734561,-8.079105290472507,1.0093379430286586,9.114264479740523,0.00010937499999999999,-12.500167512893677,0.2643419116735458,0.7654350757598877,0.018758904580026867,0.07785657256841659,-10.990393238067627,0.9635588386654854,12.752079378068448,0.0,5e-05,93.5,5506.12,-10.990393238067627,56,0,,,,,,,,,,,,,,
57,-10.083220038115979,0.25236522272229195,1.7901718258857726,0.021501182212959977,0.05722047591814771,-8.161523682493716,0.9588851658627391,9.249249838956166,0.00021484375,-12.574695785045623,0.2668932694196701,0.7480301475524902,0.018775010099634528,0.07863284543156623,-11.066010160446167,0.9644365325570107,12.807953363656997,0.0,5e-05,96.66,5602.78,-11.066010160446167,57,0,,,,,,,,,,,,,,
58,-10.341896905899048,0.2512509829550982,1.756181207895279,0.021485666399821638,0.06551218428765423,-8.423996066451073,0.9583728256821632,9.36974370000884,3.5156250000000004e-05,-12.446922175884247,0.24982598543167114,1.2249159622192383,0.019125900398939848,0.10149652406573295,-10.77182993888855,0.893091424703598,12.1107355363667,0.0,5e-05,97.8,5700.58,-11.066010160446167,57,1,,,,,,,,,,,,,,
59,-10.005942378640174,0.25500435262918475,1.7654613113403321,0.02203716932795942,0.05917215725086862,-8.06026894569397,0.946215790733695,9.206765415188856,5.0781250000000004e-05,-12.501470499038696,0.2637513229250908,0.7624966621398925,0.018673787480220198,0.0802918992191553,-10.994988784790038,0.9704363179206849,12.695714711844921,3.125e-05,5e-05,98.95,5799.52,-11.066010160446167,57,2,,,,,,,,,,,,,,
60,-10.377185736894608,0.24969682343304156,1.6579249608516693,0.021065804332029075,0.06247327157761902,-8.514347986578942,0.9952526427060365,9.518098594178445,0.0001640625,-12.481407151222228,0.2588931715488434,0.8841304206848144,0.01872021336108446,0.0826581970602274,-10.938606185913086,0.9380935251712799,12.662805782556534,0.0,5e-05,98.85,5898.38,-11.066010160446167,57,3,8.727316887676716,12.481406973004342,3.7540900853276256,12.662805957158161,0.8312980455357512,0.8357965064785157,0.004498460942764515,1.8219527065753938,1.8513055074214935,0.029352800846099703,100.0,0.0,100.0,0.0
61,-10.208648975491524,0.2425850336253643,1.5489141142368317,0.02026699505513534,0.05419379005907103,-8.433846165388822,0.9675765983574093,9.526139116855338,5.859375e-05,-12.432216339111328,0.25245923340320586,0.9706421089172363,0.0188748193718493,0.09058627322316169,-10.85423728466034,0.9246791124343872,12.509943889416753,0.0,2.5e-05,91.21,5989.58,-11.066010160446167,57,4,,,,,,,,,,,,,,
62,-10.016781638264655,0.24368040822446346,1.7653051590919495,0.020834016045555473,0.05375405433762353,-8.148054893165828,0.9753305125422775,9.115864296266809,0.00012109375,-12.50414579153061,0.26930737793445586,0.7928501605987549,0.019054807424545288,0.08864929229021072,-10.95559371471405,1.0061874240636826,12.341921824589372,0.00025,2.5e-05,96.15,6085.73,-11.066010160446167,57,5,,,,,,,,,,,,,,
63,-9.557832925915719,0.2535314217954874,1.7070808267593385,0.022034129302483052,0.043769389228255025,-7.646701389402151,0.9521147833392024,8.90132808412949,0.00020312499999999996,-12.51835135936737,0.2596318590641022,0.7446329116821289,0.01871562222018838,0.08155938692390918,-11.017989225387574,0.9653485563397407,12.774097725749016,0.0,2.5e-05,97.66,6183.39,-11.066010160446167,57,6,,,,,,,,,,,,,,
64,-10.389852441251278,0.2516575798392296,1.7868190944194793,0.02174811258446425,0.05811454276321456,-8.45662889957428,0.9583300042897462,9.489490757584571,5.4687499999999994e-05,-12.518105289936067,0.2538163381814957,0.9807330417633057,0.018901125378906727,0.08896399527788162,-10.936048607826233,0.9266471582651138,12.534352785646915,0.0,2.5e-05,98.11,6281.5,-11.066010160446167,57,7,,,,,,,,,,,,,,
65,-10.162835077047347,0.2511960703879595,1.5781911325454712,0.021426337496377526,0.05604495546722319,-8.310819795131684,0.9438089796900749,9.501163583518938,3.5156250000000004e-05,-12.532000212669372,0.26023158252239226,0.7510411930084229,0.018711376870051026,0.08093865126371384,-11.029948854446411,0.9667629164457321,12.777511863484978,0.0,1.25e-05,96.87,6378.37,-11.066010160446167,57,8,8.727316887676716,12.532000069916249,3.8046831822395326,12.777511967062201,0.8312980455357512,0.8353763146456019,0.004078269109850763,1.8219527065753938,1.8364742922782897,0.014521585702895967,100.0,0.0,100.0,0.0
66,-10.167377356290817,0.24785990800708532,1.67852667927742,0.021098155514337122,0.059165338897146286,-8.301886278390885,0.9866347407549619,9.368309680400417,9.375000000000002e-05,-12.567102563381194,0.26333819508552553,0.7514195728302002,0.018833994269371032,0.08251295402646065,-11.054125862121582,0.9868305444717407,12.689890270233155,0.000125,1.25e-05,92.47,6470.84,-11.066010160446167,57,9,,,,,,,,,,,,,,
67,-10.170848008394241,0.24602537371218205,1.7089759910106659,0.021064112042076887,0.05367436086526141,-8.305249857604503,0.9560320629924536,9.33603322857991,8.984375e-05,-12.58528287410736,0.27254205584526064,0.8397482872009278,0.01927688505500555,0.0872843636572361,-11.00968789100647,1.018259044289589,12.206160402148962,0.000375,1.25e-05,97.89,6568.73,-11.066010160446167,57,10,,,,,,,,,,,,,,
68,-10.0439861536026,0.24886764280498028,1.876482127904892,0.0217807743139565,0.061404541217489166,-8.081730548739433,0.9903888424485922,9.04560114282649,5.0781250000000004e-05,-12.607700037956239,0.2664098072052002,0.7511504173278809,0.0188163676019758,0.08263685673475266,-11.092490177154541,0.9901032680273056,12.658589938767255,0.00015625,1.25e-05,97.34,6666.08,-11.092490177154541,68,0,,,,,,,,,,,,,,
69,-10.352440779209138,0.24943315342068673,1.7169625997543334,0.021356783050578088,0.055541095848893746,-8.464538533948362,0.9597429503500462,9.622985450080597,0.00010546875000000001,-12.568161289691925,0.26297643661499026,0.7415531349182128,0.018671425143256783,0.08044760391116142,-11.068700513839723,0.9705686175823212,12.785411081016063,0.0,1.25e-05,98.23,6764.31,-11.092490177154541,68,1,,,,,,,,,,,,,,
70,-10.49068795528263,0.2475770403444767,1.7054307579994201,0.02128440268104896,0.05568354173563421,-8.611577979326249,0.9451636573299765,9.494877982139588,3.125e-05,-12.594461674690246,0.25881349891424177,0.7829917240142822,0.018602739665657283,0.07991356678307056,-11.090700159072876,0.9559809511899948,12.841631647348404,0.0,1.25e-05,97.36,6861.67,-11.092490177154541,68,2,8.727316887676716,12.594461724162102,3.8671448364853855,12.841631788943591,0.8312980455357512,0.8346376448442487,0.0033395993084975872,1.8219527065753938,1.8445216739177703,0.022568967342376567,100.0,0.0,100.0,0.0
71,-10.405242013335227,0.24975751049816608,1.6183410155773164,0.02093667203327641,0.06026891934336163,-8.562879639565944,0.9494352439977228,9.580528098127106,5.859375e-05,-12.54280646800995,0.2557476001977921,0.835081491470337,0.018641545549035073,0.084632288813591,-11.019824838638305,0.947515749335289,12.767029624283314,0.0,1.25e-05,91.5,6953.17,-11.092490177154541,68,3,,,,,,,,,,,,,,
72,-10.014304323196411,0.2491370601952076,1.7596036112308502,0.021489755478687585,0.048430107886670154,-8.114368283804506,0.9859336117003114,9.199356324084947,0.00010156250000000001,-12.57246450662613,0.2618830645084381,0.7468337059020996,0.018637731047347186,0.08203516252338887,-11.072609796524048,0.9762836968898774,12.732718160748481,6.25e-05,6.25e-06,94.55,7047.72,-11.092490177154541,68,4,,,,,,,,,,,,,,
73,-10.356458086371422,0.24489014491438865,1.7398468482494354,0.02077644692035392,0.06206951490195934,-8.488722014427186,0.9595819496177137,9.364236319782213,5.078124999999999e-05,-12.499651281833648,0.25488892912864686,0.7854562950134277,0.018715047044679523,0.08499698132276536,-10.988376140594482,0.9594395980238914,12.76219843134284,0.0,6.25e-06,95.74,7143.46,-11.092490177154541,68,5,,,,,,,,,,,,,,
74,-10.050783650279046,0.24280304320156573,1.6099609422683716,0.020674494905397297,0.05178249990101904,-8.239484990835189,1.0324809015356005,9.326435464519891,4.6875e-05,-12.633998620510102,0.26292961031198503,0.739066858291626,0.01866699437610805,0.07883506365120412,-11.137164173126221,0.9791372829675674,12.811958536431193,3.125e-05,6.25e-06,98.81,7242.27,-11.137164173126221,74,0,,,,,,,,,,,,,,
75,-10.452291173934936,0.2435021200031042,1.6330971038341522,0.020265892283059656,0.05736173427023459,-8.648203565180301,0.9721792012825609,9.62189637747826,1.1718750000000002e-05,-12.608990361690521,0.2698030477762222,0.7901692390441895,0.018958883844316005,0.08295812666416168,-11.071234350204469,1.000229462981224,12.518053808882833,0.0001875,6.25e-06,100.02,7342.29,-11.137164173126221,74,1,8.727316887676716,12.608990281727165,3.8816733940504484,12.518053960004034,0.8312980455357512,0.8365903906783829,0.005292345142631771,1.8219527065753938,1.8302332580089569,0.0082805514335631,100.0,0.0,100.0,0.0
76,-10.405444747805596,0.23814210101962088,1.7562096643447875,0.020328553670551627,0.056593070473172705,-8.567418973743916,0.9887779876124114,9.46553812386468,9.765625e-05,-12.535467598438263,0.25518986225128176,0.767767562866211,0.018611200610175727,0.08417412512004376,-11.03521354675293,0.9620972242951393,12.788144906759262,0.0,6.25e-06,93.4,7435.68,-11.137164173126221,74,2,,,,,,,,,,,,,,
77,-10.147669797539711,0.24574854478240013,1.6425927293300628,0.0207308224379085,0.05389058226137422,-8.318711685035378,0.974505534041673,9.369641971010715,3.5156250000000004e-05,-12.617739424705505,0.2646608540415764,0.7337147521972657,0.01866353327408433,0.08013326123356819,-11.119654088020324,0.9763100785017014,12.79705103604123,3.125e-05,6.25e-06,97.49,7533.17,-11.137164173126221,74,3,,,,,,,,,,,,,,
78,-9.779764951467515,0.24735620647668838,1.5869645595550537,0.020764239279087632,0.04768789659894537,-7.970419536828995,0.975818533571437,9.240396383341867,7.8125e-05,-12.621182866096497,0.26546618521213533,0.7278340435028077,0.018622208470478654,0.07725561827421189,-11.12900071144104,0.9672580736875535,12.87083065494895,0.0,3.125e-06,97.59,7630.76,-11.137164173126221,74,4,,,,,,,,,,,,,,
79,-9.963483947515488,0.2512973691150546,1.741742389202118,0.021944413157179953,0.05329638019786216,-8.039146760106087,0.971365699339658,9.257698026257566,0.00016796875,-12.588906033039093,0.2583565992116928,0.7964855861663819,0.018612701268866657,0.08128790028393268,-11.079680681228638,0.9485003367066384,12.83290646031499,0.0,3.125e-06,96.86,7727.62,-11.137164173126221,74,5,,,,,,,,,,,,,,
80,-10.415237632989884,0.24493732310831548,1.6530713844299316,0.020375446607358752,0.05388623166363686,-8.60172027528286,0.9560560534521937,9.79688894279534,0.0,-12.567763092517852,0.25371028542518614,0.8408594512939453,0.01864630709402263,0.08460513576865196,-11.044874382019042,0.9462727457284927,12.788429144322873,0.0,3.125e-06,98.18,7825.8,-11.137164173126221,74,6,8.727316887676716,12.567763137295842,3.8404462496191254,12.788429230073573,0.8312980455357512,0.8313751858570764,7.714032132521975e-05,1.8219527065753938,1.8358073270320892,0.013854620456695388,100.0,0.0,100.0,0.0
81,-10.755020837783814,0.248924765214324,1.666219928264618,0.021464988745283336,0.059386649238877,-8.873593940734864,0.9352377977780998,9.854612664096058,2.3437500000000004e-05,-12.543691129684449,0.25969227075576784,0.7582372379302978,0.018696549078449608,0.0824346823990345,-11.039265451431275,0.9728028491139412,12.745307338312267,0.0,3.125e-06,90.36,7916.16,-11.137164173126221,74,7,,,,,,,,,,,,,,
82,-10.180381725877524,0.24413259372115134,1.6455420386791229,0.020433720806613563,0.05012147653440479,-8.370778951346875,0.9768515490554273,9.386357200471684,0.000125,-12.54041071176529,0.2537743085622787,0.836864881515503,0.018693360555917023,0.08448862582445145,-11.016420421600342,0.9457353559136391,12.762898189425469,0.0,1.5625e-06,109.73,8025.89,-11.137164173126221,74,8,,,,,,,,,,,,,,
83,-10.816181832551957,0.23986019842326642,1.5338913702964783,0.019755093150306494,0.06646216162131167,-9.061937320828438,0.963761485144496,10.032679085936397,9.375e-05,-12.587487390041352,0.25559055209159853,0.799860553741455,0.018526850957423447,0.08291332930326462,-11.082682633399964,0.9511838546395301,12.838921814262868,0.0,1.5625e-06,125.99,8151.88,-11.137164173126221,74,9,,,,,,,,,,,,,,
84,-10.519365412890911,0.24862777397036553,1.578928828239441,0.021461562796030193,0.056157661947654564,-8.667823201417923,0.9429586184769869,9.76417466668412,5.468750000000001e-05,-12.599230859279633,0.2544894218444824,0.825840015411377,0.018574206233024596,0.08314295947551727,-11.085136256217957,0.94576420545578,12.821787623763084,0.0,1.5625e-06,115.8,8267.68,-11.137164173126221,74,10,,,,,,,,,,,,,,
85,-10.469212662577629,0.2541286224126816,1.6624436628818513,0.021958132497966288,0.05778389859129675,-8.560660426318645,0.9302273895777762,9.63048079442233,3.5156250000000004e-05,-12.61289348602295,0.26369953751564024,0.7382250690460205,0.018670774614438414,0.07971828579902648,-11.114469246864319,0.9749366247653961,12.820551194399595,0.0,1.5625e-06,125.62,8393.3,-11.137164173126221,74,11,8.727316887676716,12.612893472164869,3.8855765844881525,12.820551295497028,0.8312980455357512,0.8358821242368029,0.004584078701051708,1.8219527065753938,1.8253980243206025,0.0034453177452087314,100.0,0.0,100.0,0.0
86,-10.432475289702415,0.24661669708788395,1.562548246383667,0.021075454927049576,0.053972523822449145,-8.60934880644083,0.9592731080017984,9.711097501181065,3.125e-05,-12.600512113571167,0.2622027406096458,0.7490748500823975,0.018726653726771472,0.08177379600703716,-11.09548041343689,0.9840640330314636,12.701581666041166,9.375e-05,7.8125e-07,126.3,8519.6,-11.137164173126221,74,12,,,,,,,,,,,,,,
87,-9.880458130836487,0.24241974994540214,1.5701516711711883,0.020756603227928282,0.052596714313258415,-8.076565931439399,0.9626770039461553,9.307273848946206,0.00012890625,-12.582629551887512,0.2675449699163437,0.7299039745330811,0.01872978621162474,0.07909124493598937,-11.080532655715942,0.9794147193431855,12.764973355596885,3.125e-05,7.8125e-07,126.0,8645.6,-11.137164173126221,74,13,,,,,,,,,,,,,,
88,-10.190315771102906,0.24442455373704433,1.7101943492889404,0.021147036638576536,0.05073565777798649,-8.324745435640216,0.9591512483358383,9.242317415134748,7.8125e-05,-12.635452723503112,0.2580363655090332,0.748421630859375,0.018527670800685882,0.0806767375767231,-11.145829844474793,0.9630523592233657,12.887281217575072,0.0,7.8125e-07,127.04,8772.64,-11.145829844474793,88,0,,,,,,,,,,,,,,
89,-10.396079410910607,0.2485332104563713,1.693796375989914,0.021229177392087878,0.05939896662021056,-8.518549441695214,0.9608659466356039,9.463365340679884,0.00021484375,-12.600762867927552,0.2602446502447128,0.7764860343933105,0.018638027347624302,0.0801300535351038,-11.095541038513183,0.9513383024930954,12.84236351557076,0.0,7.8125e-07,126.26,8898.9,-11.145829844474793,88,1,,,,,,,,,,,,,,
90,-10.18834673345089,0.24539804957807065,1.610747708082199,0.020914037101902067,0.05326817502034828,-8.360754321217536,0.9567505063675344,9.491298092789949,4.2968750000000004e-05,-12.59461711883545,0.2633488616347313,0.7343950080871582,0.018680567387491465,0.080355956107378,-11.096565399169922,0.9762538969516754,12.77977701306343,3.125e-05,7.8125e-07,126.32,9025.23,-11.145829844474793,88,2,8.727316887676716,12.594617235660554,3.8673003479838375,12.779777080178347,0.8312980455357512,0.8345682238896351,0.00327017835388399,1.8219527065753938,1.8246619927883148,0.0027092862129209916,100.0,0.0,100.0,0.0
91,-10.427951490879058,0.2430158244818449,1.69182137966156,0.020751343299634753,0.054339403044432404,-8.585482647269965,0.9827379623427988,9.508320026053116,0.00033203125,-12.578098921775817,0.2540370577573776,0.8044358634948731,0.01856106805615127,0.08380105666816234,-11.070876641273498,0.9488038122653961,12.826413399428128,0.0,7.8125e-07,125.38,9150.61,-11.145829844474793,88,3,,,,,,,,,,,,,,
92,-10.236071392595768,0.25216416761279103,1.687483184337616,0.021776591292582453,0.05177220391313313,-8.33706045627594,0.9408493518643081,9.46816907047294,5.468750000000001e-05,-12.587975988388061,0.2526574558019638,0.8485518646240234,0.018539161318913103,0.08484114222228527,-11.06895369052887,0.9414816084504127,12.79794693827629,0.0,3.90625e-07,125.48,9276.09,-11.145829844474793,88,4,,,,,,,,,,,,,,
93,-10.287100217342378,0.24153719529509543,1.7064701199531556,0.020812017132993788,0.055420589002023915,-8.437600511908531,0.9720331652835011,9.309306153871585,0.00014453125000000002,-12.634706377983093,0.2619236481189728,0.7431534671783447,0.018700750665739178,0.08161564484238625,-11.133183526992799,0.9823858648538589,12.783349057082086,3.125e-05,3.90625e-07,125.14,9401.23,-11.145829844474793,88,5,,,,,,,,,,,,,,
94,-10.710224366188049,0.24254758566617965,1.6179695844650268,0.020183097238186745,0.059912394511047753,-8.913218583911657,0.978410965912044,9.788621752588078,8.593750000000001e-05,-12.642961528301239,0.25961566507816314,0.7986607456207275,0.018671766575425863,0.08042074777185917,-11.129738607406615,0.9552886578440666,12.865612930953503,0.0,3.90625e-07,125.18,9526.41,-11.145829844474793,88,6,,,,,,,,,,,,,,
95,-10.418233140707017,0.24680079720914364,1.5894777703285217,0.02113996575586498,0.05682391984737478,-8.580766755491496,0.9484555302932859,9.759124543564393,0.0001171875,-12.618703439235688,0.25435470044612885,0.9021069145202637,0.01871175036765635,0.08509726814925671,-11.073031845092773,0.9356338188052178,12.727519910633564,0.0,3.90625e-07,125.12,9651.53,-11.145829844474793,88,7,8.727316887676716,12.618703391551971,3.891386503875255,12.727519991034658,0.8312980455357512,0.8350342737674612,0.003736228231710048,1.8219527065753938,1.8315689432621003,0.009616236686706525,100.0,0.0,100.0,0.0
96,-10.394695729017258,0.24817090172320605,1.713621165752411,0.021247981742490082,0.059527694290154615,-8.510511672347784,0.9917780021950603,9.451495334059,0.0001640625,-12.624897902011872,0.2603591901063919,0.7433762073516845,0.018627264136448503,0.0800110149383545,-11.13015175819397,0.9691532054543495,12.858798253908754,0.0,1.953125e-07,125.61,9777.13,-11.145829844474793,88,8,,,,,,,,,,,,,,
97,-10.398673363924026,0.24053294718265533,1.479201408624649,0.019720981353893875,0.05615280289464863,-8.672178083509207,0.9924354014359414,9.596382688465528,9.765625e-05,-12.590742259025573,0.2688319319486618,0.8542595100402832,0.019259278271347283,0.09211709663271904,-11.010551385879516,1.020422660112381,12.157496484816074,0.00043750000000000006,1.953125e-07,124.99,9902.12,-11.145829844474793,88,9,,,,,,,,,,,,,,
98,-10.30193224310875,0.2519655080512166,1.7906306326389312,0.021784566885326057,0.05751533855043817,-8.366033825725317,0.9711308610439301,9.30832731148228,4.6875e-05,-12.619152748584748,0.2576925617456436,0.7665291500091552,0.018645249409601092,0.0807823058217764,-11.118456840515137,0.9607416409254074,12.868413918241858,0.0,1.953125e-07,125.85,10027.97,-11.145829844474793,88,10,,,,,,,,,,,,,,
99,-10.095891309976578,0.24369645334780216,1.6239157176017762,0.02084524526959285,0.058589609009795825,-8.26416825890541,0.9763230790942907,9.405490404320881,1.5625e-05,-12.593606088161469,0.25573045909404757,0.8009628295898438,0.01864336771890521,0.08315635144710541,-11.082261719703673,0.9523034721612931,12.831931273937226,0.0,1.953125e-07,125.51,10153.48,-11.145829844474793,88,11,,,,,,,,,,,,,,
100,-10.463842098712922,0.24318717047572136,1.5562586748600007,0.02024747054092586,0.05340027891099453,-8.68800353527069,1.0034729192964733,9.59079403927084,0.00010937499999999999,-12.613540153503418,0.2589644247293472,0.763177194595337,0.01861513815820217,0.08027443334460259,-11.114591050148011,0.95853973954916,12.864551126919686,0.0,9.765625e-08,125.23,10278.71,-11.145829844474793,88,12,8.727316887676716,12.613539980649948,3.886223092973232,12.864551263492379,0.8312980455357512,0.8355489386976303,0.004250893161879099,1.8219527065753938,1.8291378355026244,0.007185128927230666,100.0,0.0,100.0,0.0
