epoch,train_si_snr_loss,train_spectral_loss,train_amplitude_loss_db,train_waveform_loss,train_total_loss,train_rms_ratio,train_reconstruction_snr_db,train_clipping_pct,train_mask_magnitude_mean,val_si_snr_loss,val_spectral_loss,val_amplitude_loss_db,val_waveform_loss,val_total_loss,val_rms_ratio,val_reconstruction_snr_db,val_clipping_pct,val_mask_magnitude_mean,learning_rate,epoch_time_sec,cumulative_time_sec,best_val_loss,best_epoch,patience_counter,val_si_snr_before_db_full,val_si_snr_after_db_full,val_si_snr_improvement_db_full,val_reconstruction_snr_db_full,val_stoi_before,val_stoi_after,val_stoi_improvement,val_pesq_before,val_pesq_after,val_pesq_improvement,val_stoi_n_valid,val_stoi_n_skipped,val_pesq_n_valid,val_pesq_n_skipped
1,-5.9795383015275005,0.31329027365893125,2.13670637011528,0.03958068423671648,-3.0462018609046937,1.2657572007365525,6.080747213168215,6.640625e-05,0.030796511413063853,-9.38027620792389,0.2673324367403984,1.2203173828125,0.031366925053298474,-7.178502144813538,1.1534011155366897,9.466437572464347,0.000625,0.05930934339761734,0.0002,119.95,119.95,-7.178502144813538,1,0,8.727316887676716,9.380276267677546,0.65295938000083,9.466437560396322,0.8312980455357512,0.8317182830250658,0.00042023748931463434,1.8219527065753938,1.8840656661987305,0.06211295962333674,100.0,0.0,100.0,0.0
2,-6.23478404968977,0.294382882155478,1.8709597897529602,0.03460085791768506,-3.6490703150629997,1.1606027437746524,6.4939809818690994,3.90625e-06,0.08722864009439946,-10.000745630264282,0.2330935652554035,1.1008365726470948,0.026851775143295526,-8.094812254905701,1.001047545671463,10.183720792941749,0.0,0.0969844676554203,0.0002,133.24,253.19,-8.094812254905701,2,0,,,,,,,,,,,,,,
3,-7.197904511094094,0.25398641274310646,1.6399140858650207,0.03023625407367945,-4.940131147801876,1.0767840962857007,7.461593360874685,7.03125e-05,0.13344916995614767,-10.645703573226928,0.21457397997379302,1.0866126441955566,0.025545624028891326,-8.827864446640014,1.054993860721588,10.695664179883897,0.00034375,0.12977899640798568,0.0002,123.6,376.79,-8.827864446640014,3,0,,,,,,,,,,,,,,
4,-7.576958985328674,0.23753337694332002,1.5492856013774872,0.029126241430640222,-5.418327837586403,1.2324043473973871,7.911029056808911,1.1718750000000002e-05,0.1827014508843422,-10.8276224899292,0.19499444991350173,1.0361731910705567,0.023767083697021008,-9.133421688079833,0.9992696744203567,11.062954088449478,0.0001875,0.20032096415758133,0.0002,131.98,508.77,-9.133421688079833,4,0,,,,,,,,,,,,,,
5,-7.728560001850128,0.22686647091060877,1.578758864402771,0.02831644247402437,-5.612243701815605,1.1559588689170779,8.116093827118165,0.00014843750000000002,0.2151596174389124,-11.1707044839859,0.18766153290867804,0.9805835914611817,0.023053328543901443,-9.53620153427124,1.0126747953891755,11.289291668385268,0.0003125,0.19175194650888444,0.0002,132.81,641.58,-9.53620153427124,5,0,8.727316887676716,11.170704551562666,2.44338766388595,11.28929173172119,0.8312980455357512,0.8455363396757059,0.0142382941399547,1.8219527065753938,1.9821829032897949,0.16023019671440109,100.0,0.0,100.0,0.0
6,-8.087690387368202,0.2122805732116103,1.4612213122844695,0.02639701076084748,-6.11719286352396,1.0019599330052733,8.432391971824691,0.00063671875,0.23476490892469884,-11.36456069469452,0.18454771354794502,1.029767026901245,0.02290564162656665,-9.725800666809082,1.0360230189561843,11.10408348441124,0.00025,0.18830692023038864,0.0002,82.39,723.97,-9.725800666809082,6,0,,,,,,,,,,,,,,
7,-8.338607776872813,0.2010259188618511,1.4506810319423675,0.025067481440491975,-6.449003452062607,1.0158658607676625,8.484216266982257,0.0004296875,0.25566347889602187,-11.499049072265626,0.17648984372615814,0.930700330734253,0.021915380023419858,-9.947580027580262,0.9934082651138305,11.654397300099953,0.00018750000000000003,0.25447310745716095,0.0002,97.99,821.96,-9.947580027580262,7,0,,,,,,,,,,,,,,
8,-8.82866926729679,0.19716601190157235,1.327111896276474,0.024356650912668556,-7.015537110865116,1.0450038583949208,9.176389122504624,3.125e-05,0.2715582954883575,-11.667080516815185,0.17342766433954238,0.919881534576416,0.021546111777424812,-10.14038275718689,1.0058381187915801,11.663883449360728,0.00028125,0.24444260597229003,0.0002,102.91,924.88,-10.14038275718689,8,0,,,,,,,,,,,,,,
9,-8.456401247084141,0.20241679273545743,1.4683154392242432,0.025538822747766973,-6.5365487095713615,0.97752186819911,8.810350294692908,0.00012109375,0.2845936068892479,-11.616225068569184,0.17460583359003068,0.9568992710113525,0.021867130659520628,-10.061193103790282,1.0245762798190117,11.497258411347866,0.00025,0.22425163626670838,0.0002,100.05,1024.93,-10.14038275718689,8,1,,,,,,,,,,,,,,
10,-9.015498871803283,0.19842528101056814,1.3940662252902984,0.024870267200749367,-7.15534034460783,0.9772231644764543,9.312171364212409,0.00015625,0.29112814500927925,-11.73409631729126,0.1662887990474701,0.9231800651550293,0.0210987282730639,-10.235917086601257,1.0132974249124527,11.574223972260953,0.0007187500000000001,0.2597255927324295,0.0002,98.7,1123.62,-10.235917086601257,10,0,8.727316887676716,11.734096512198448,3.006779624521732,11.574224073962741,0.8312980455357512,0.8492313442769496,0.017933298741198422,1.8219527065753938,1.9801547265052795,0.1582020199298857,100.0,0.0,100.0,0.0
11,-9.333171068727971,0.1901969944871962,1.4237444114685058,0.02393291499465704,-7.519204931259155,0.9727702571079135,9.480002977941185,8.593750000000001e-05,0.30003056302666664,-11.78171927332878,0.1649761025607586,0.8676526927947998,0.020452982541173698,-10.333798217773438,0.9781705173850059,11.968232923597098,0.00025,0.2750423914194107,0.0002,91.69,1215.31,-10.333798217773438,11,0,,,,,,,,,,,,,,
12,-9.101998468860984,0.19218902436085045,1.4526145803928374,0.023924933378584683,-7.277778369784355,0.9574305579252541,9.34533251796849,6.25e-05,0.2992230914533138,-11.911862816810608,0.16486418411135673,0.9069356346130371,0.020516424160450696,-10.449096508026123,0.988690310716629,12.023307647556067,0.0001875,0.24156078457832336,0.0002,95.98,1311.3,-10.449096508026123,12,0,,,,,,,,,,,,,,
13,-9.312117034196854,0.18635890988633036,1.1810184133052826,0.023307018768973647,-7.606101675629616,0.9781772840768099,9.648982458068058,8.593750000000001e-05,0.30381217181682585,-12.042907322645187,0.1626350313425064,0.843752851486206,0.020125364400446415,-10.620878276824952,0.9930194050073624,12.073956545293331,0.00028125,0.3070040076971054,0.0002,98.41,1409.71,-10.620878276824952,13,0,,,,,,,,,,,,,,
14,-9.303522334098815,0.19299539346247913,1.3596302044391633,0.023687900437507778,-7.518242872655391,0.955562596693635,9.59813340493798,0.000125,0.31522774681448934,-12.168651962280274,0.16511750012636184,0.8106034851074219,0.020736887026578187,-10.72350908279419,1.0248681944608689,12.034451625645161,0.00046875,0.29262748658657073,0.0002,97.23,1506.94,-10.72350908279419,14,0,,,,,,,,,,,,,,
15,-10.083470900356769,0.18424587713554502,1.3451880812644958,0.023237402867525816,-8.333798466920852,0.9434782458841801,10.109211336965673,5.468750000000001e-05,0.3146677826344967,-12.241179111003875,0.15788455039262772,0.7874324035644531,0.019547925386577843,-10.869668588638305,0.9915004485845565,12.23245092228055,0.00028125000000000003,0.2751665163040161,0.0002,96.47,1603.41,-10.869668588638305,15,0,8.727316887676716,12.241179240830242,3.5138623531535256,12.232451149403005,0.8312980455357512,0.847855026343928,0.016556980808176802,1.8219527065753938,1.9954119551181793,0.1734592485427855,100.0,0.0,100.0,0.0
16,-9.601410992145539,0.18298811169341206,1.4238488256931305,0.022434886480914427,-7.869523883163929,0.963773278221488,9.715886465208605,1.1718750000000002e-05,0.3112331768870354,-12.208329372406006,0.15846983194351197,0.8595331287384034,0.0199681381508708,-10.793592576980592,1.0089884895086287,12.036815149486065,0.00034375000000000003,0.3078730964660645,0.0002,92.13,1695.54,-10.869668588638305,15,1,,,,,,,,,,,,,,
17,-9.886368101239205,0.18104623330757022,1.208105560541153,0.022404155483236536,-8.222682337462903,0.9660679169557989,10.100305278422312,1.5625e-05,0.32555310770869256,-12.280824580192565,0.15586084246635437,0.7148968315124512,0.019184795673936605,-10.951254816055298,0.9753626412153245,12.450399609804153,0.00015625,0.3083063119649887,0.0002,94.24,1789.78,-10.951254816055298,17,0,,,,,,,,,,,,,,
18,-9.631191890835762,0.17051677335053683,1.2338883304595947,0.020961376563645898,-8.042439768910407,0.9665990817733109,9.822753520470577,8.203124999999999e-05,0.32574977070093153,-12.463185966014862,0.15702891156077384,0.755665864944458,0.01963826997205615,-11.097543859481812,1.0124235320091248,12.415840662028641,0.00021875000000000003,0.31865113496780395,0.0002,95.26,1885.04,-11.097543859481812,18,0,,,,,,,,,,,,,,
19,-10.210620933771134,0.17838570298627018,1.3191494381427764,0.0222047312092036,-8.526253848969937,0.9615454688668251,10.296958621768281,1.5625e-05,0.3288703201711178,-12.374124116897583,0.1537944845855236,0.7905231285095214,0.018679479993879797,-11.049198627471924,0.9666279569268227,12.588020966053008,0.000125,0.2661850243806839,0.0002,106.55,1991.59,-11.097543859481812,18,1,,,,,,,,,,,,,,
20,-10.61651386141777,0.17692078664898872,1.156292815208435,0.02161114361253567,-9.012148025929928,1.0137528156116604,10.706018766786437,7.8125e-05,0.3251170989871025,-12.297077531814574,0.1534113961458206,0.8433866119384765,0.018737404253333808,-10.953779983520509,0.9647570252418518,12.4314257478714,0.00021874999999999998,0.3006704688072205,0.0002,111.22,2102.81,-11.097543859481812,18,2,8.727316887676716,12.29707753688097,3.5697606492042535,12.431425762824958,0.8312980455357512,0.8464234186492551,0.015125373113503926,1.8219527065753938,2.021109335422516,0.19915662884712226,100.0,0.0,100.0,0.0
21,-9.873327580690384,0.17457783499732613,1.3261447489261626,0.02138618294149637,-8.231597135663032,0.9449986286554486,9.795743685814086,4.687500000000001e-05,0.33065320312976837,-12.53953958272934,0.15712396785616875,0.8570771503448487,0.019715417623519898,-11.139521436691284,1.0251734766364098,12.219679462490603,0.000375,0.2689921993017197,0.0002,97.38,2200.19,-11.139521436691284,21,0,,,,,,,,,,,,,,
22,-10.232130412459373,0.16946930067613722,1.1777851462364197,0.020912255197763442,-8.663712803125382,0.9556407767813653,10.372271211575717,4.6875e-05,0.33756173416972163,-12.503644718527793,0.15400065794587137,0.755450963973999,0.01885950520634651,-11.180033822059631,0.9865287584066391,12.615222709327936,0.0001875,0.3274355900287628,0.0002,101.66,2301.85,-11.180033822059631,22,0,,,,,,,,,,,,,,
23,-10.033921443521976,0.16767443160526455,1.2822176659107207,0.02101388425915502,-8.430887430906296,0.9702900586370379,10.14228237179108,3.90625e-06,0.33924624413251875,-12.652567205429078,0.15201712474226953,0.730248327255249,0.018760750386863947,-11.343438291549683,0.9963346952199936,12.699803544133902,0.00031249999999999995,0.32100430846214295,0.0002,86.18,2388.02,-11.343438291549683,23,0,,,,,,,,,,,,,,
24,-10.631600206494332,0.1643979130499065,1.1070338547229768,0.020607645420823245,-9.104709822535515,0.9699329754710198,10.71970134156756,6.640625e-05,0.3311820359528065,-12.669187050461769,0.14940612360835076,0.673393611907959,0.018349062968045473,-11.400309705734253,0.9789165544509888,12.843950812891126,0.00015625,0.32068359971046445,0.0002,76.25,2464.27,-11.400309705734253,24,0,,,,,,,,,,,,,,
25,-10.561124988794326,0.16886238316074015,1.130877047777176,0.02022487570764497,-9.041755665242672,0.9509782998077572,10.581530038043857,2.7343749999999997e-05,0.3325322213768959,-12.737550362348557,0.1482556428015232,0.7171656703948974,0.018228168915957212,-11.462736511230469,0.9697589716315269,12.95153185904026,0.00015625,0.32030518412590026,0.0002,74.45,2538.72,-11.462736511230469,25,0,8.727316887676716,12.737550437152386,4.01023354947567,12.951531896558254,0.8312980455357512,0.8469858139709422,0.01568776843519104,1.8219527065753938,2.030780794620514,0.2088280880451201,100.0,0.0,100.0,0.0
26,-10.195884971618652,0.1778515227511525,1.3296195340156556,0.02209274866618216,-8.514510170817376,0.9455732418969274,10.23522101022303,4.687500000000001e-05,0.3375052288174629,-12.640177938938141,0.15166113272309303,0.6794550132751465,0.01864365893416107,-11.352497510910034,0.9912802383303643,12.700458218753338,0.0003125,0.29840854048728943,0.0002,102.74,2641.46,-11.462736511230469,25,1,,,,,,,,,,,,,,
27,-10.484881934523582,0.16545975720509887,1.1197368013858795,0.01949708069092594,-9.008647085130214,0.9938452179729939,10.622038228930906,2.7343749999999997e-05,0.353039028942585,-12.896329725980758,0.14977078154683113,0.6588170909881592,0.018473809137940406,-11.625223422050476,0.9914283815026284,12.983459281921387,0.00025,0.3007824319601059,0.0002,99.44,2740.89,-11.625223422050476,27,0,,,,,,,,,,,,,,
28,-10.88094968020916,0.17102336765266954,1.236233775615692,0.020547751436242833,-9.311668534874917,0.9504730927012861,10.867992583438754,3.90625e-06,0.3556839530169964,-12.974864538908005,0.14909228876233102,0.6780233573913574,0.018138393238186837,-11.71544550895691,0.9789281135797501,13.144064367711543,0.00021874999999999998,0.3020876544713974,0.0002,98.07,2838.96,-11.71544550895691,28,0,,,,,,,,,,,,,,
29,-10.898509413003922,0.15867275189608335,1.1808483982086182,0.019515444186981767,-9.409809952378273,0.9429617876559496,10.94193789869547,3.90625e-06,0.3519301296770573,-12.954124743938445,0.14671604096889496,0.6996276664733887,0.018061257619410753,-11.694457502365113,0.985775006711483,13.006604921221733,0.00025,0.32959525406360624,0.0002,97.94,2936.91,-11.71544550895691,28,1,,,,,,,,,,,,,,
30,-10.626654439866543,0.1759496635198593,1.3828528213500977,0.021529037147993223,-8.959396998286246,0.9500071229971945,10.631266764149478,3.125e-05,0.3541113132238388,-13.108115503787994,0.1473359541594982,0.6869982051849365,0.01821297432295978,-11.844031181335449,0.9947683039307594,13.127487861663104,0.00025,0.26647106915712354,0.0002,98.96,3035.87,-11.844031181335449,30,0,8.727316887676716,13.108115421533585,4.3807985338568685,13.127487926010867,0.8312980455357512,0.8551062268108365,0.023808181275085327,1.8219527065753938,2.052638615369797,0.2306859087944031,100.0,0.0,100.0,0.0
31,-10.849811335802078,0.16484184235334395,1.2435946094989776,0.020328070537652822,-9.295487577319145,0.9787736285757274,10.862494197618217,1.5625e-05,0.35616590797901154,-12.94096745967865,0.1467677028477192,0.7102840614318847,0.018091970542445778,-11.676515893936157,0.9750246262550354,13.009949942827225,0.00015625,0.302909055352211,0.0002,96.78,3132.65,-11.844031181335449,30,1,,,,,,,,,,,,,,
32,-10.815026030540466,0.15898657351732254,1.2621096515655517,0.01974792100256309,-9.290010477304458,1.031379846855998,10.7713962819241,3.90625e-05,0.35011523753404616,-13.185696413516999,0.14802838027477264,0.6544412040710449,0.01819582151249051,-11.931544346809387,1.0032755470275878,13.122046559751034,0.00028125000000000003,0.29496506690979,0.0002,119.19,3251.84,-11.931544346809387,32,0,,,,,,,,,,,,,,
33,-11.31547494828701,0.15578240295872092,1.0538965082168579,0.01888725836877711,-9.899160616993903,0.9644466789998114,11.337976279621945,4.6875e-05,0.35770302936434745,-12.956789922714233,0.14534637659788133,0.691671724319458,0.017821310218423606,-11.712876410484315,0.9643661585450173,13.183746201395989,9.375e-05,0.3400262129306793,0.0002,116.75,3368.59,-11.931544346809387,32,1,,,,,,,,,,,,,,
34,-10.467306642532348,0.1710747736878693,1.2777299964427948,0.02057111928705126,-8.88435685992241,1.0481358183547855,10.515848581502214,1.953125e-05,0.36353071525692937,-13.181311933994293,0.14719886034727098,0.6500106430053711,0.018115413570776583,-11.93333932876587,1.0027814835309983,13.07891857534647,0.00028125,0.3276209855079651,0.0002,115.55,3484.14,-11.93333932876587,34,0,,,,,,,,,,,,,,
35,-11.00463761806488,0.17041573582217098,1.2047083401679992,0.02089034419041127,-9.428292139172553,0.9774320359528065,11.082093370500951,3.125e-05,0.3615813909471035,-12.97054597377777,0.1497207200527191,0.6975394344329834,0.018556187991052867,-11.68375391960144,1.0178170275688172,12.860874513685703,0.00040625000000000004,0.3358025193214417,0.0002,125.45,3609.59,-11.93333932876587,34,1,8.727316887676716,12.97054600391537,4.243229116238654,12.860874567325725,0.8312980455357512,0.8552005520454395,0.023902506509688393,1.8219527065753938,2.085730069875717,0.2637773633003233,100.0,0.0,100.0,0.0
36,-11.633680396080017,0.15596295041032135,1.0490687918663024,0.018639163437765092,-10.231038593649863,0.9478001099266112,11.604103428026137,1.5625e-05,0.36375325947999954,-13.130905814170838,0.14426716029644013,0.6428380584716797,0.017850115187466143,-11.901281270980835,0.9777830988168716,13.30784606486559,0.00015625,0.34594641149044036,0.0002,110.33,3719.92,-11.93333932876587,34,2,,,,,,,,,,,,,,
37,-10.798967096805573,0.16697336402721702,1.3622490382194519,0.02062181262415834,-9.192228339314461,1.0071369657106697,10.679422262236477,4.687500000000001e-05,0.3648451600968838,-13.268938527107238,0.14393098652362823,0.6702665996551513,0.01758782098069787,-12.044536490440368,0.9769037771224975,13.343565035536885,0.00025,0.35764833390712736,0.0002,111.98,3831.9,-12.044536490440368,37,0,,,,,,,,,,,,,,
38,-11.446510269641877,0.15772993927821516,1.308301569223404,0.018892002552747728,-9.951689686775207,1.0272834620717912,11.366316369185224,6.25e-05,0.3651951102912426,-13.331041798591613,0.1440495552122593,0.6679374599456787,0.017714183256030084,-12.1009019613266,0.9903159010410308,13.318070530891418,0.00025,0.3135743123292923,0.0002,110.62,3942.52,-12.1009019613266,38,0,,,,,,,,,,,,,,
39,-11.443319759368897,0.16650455000810324,1.2348690962791442,0.020229001251282172,-9.894904420971871,0.9255871205404401,11.357364819794894,4.6875e-05,0.36946341216564177,-13.372739615440368,0.14016424834728242,0.7165849494934082,0.017231971388682724,-12.156001296043396,0.9637508937716484,13.530109861195088,9.375e-05,0.3475925248861313,0.0002,118.37,4060.89,-12.156001296043396,39,0,,,,,,,,,,,,,,
40,-11.084379354715347,0.17085538526065647,1.2384237658977508,0.020932508336845786,-9.49537146449089,0.9267817290686071,10.918860756326467,4.2968750000000004e-05,0.3767187015712261,-13.309047634601592,0.14228771790862083,0.6767226600646973,0.017409275062382223,-12.093278923034667,0.9856604135036469,13.342095391005278,0.00015625,0.3304560387134552,0.0002,116.47,4177.36,-12.156001296043396,39,1,8.727316887676716,13.30904737919569,4.581730491518973,13.342095463369812,0.8312980455357512,0.8577291230169851,0.026431077481233967,1.8219527065753938,2.1145441198348998,0.292591413259506,100.0,0.0,100.0,0.0
41,-11.320160529613496,0.1653412363678217,1.2413815879821777,0.019903328396030703,-9.787238382101059,0.9366182420216501,11.164481209106743,1.953125e-05,0.3778612570464611,-13.367946600914001,0.14195606529712676,0.6725251960754395,0.017305739615112545,-12.158945894241333,0.9869446596503257,13.396413239836694,0.0001875,0.32789654076099395,0.0002,90.49,4267.85,-12.158945894241333,41,0,,,,,,,,,,,,,,
42,-11.430253616571427,0.1543516218662262,1.2364146184921265,0.018631281757261604,-9.973413444757462,0.9404752645641565,11.266087723653763,5.4687499999999994e-05,0.38143960148096084,-13.218481726646424,0.1411505998671055,0.6808203506469727,0.017483495073392988,-11.998910212516785,0.9814547538757324,13.249986377805472,0.0001875,0.34131514191627504,0.0002,97.88,4365.73,-12.158945894241333,41,1,,,,,,,,,,,,,,
43,-11.57797447681427,0.16126975268125535,1.250343165397644,0.019487992541398852,-10.06720209479332,0.9800663789361715,11.27244414150715,2.3437500000000004e-05,0.38068307340145113,-13.343689107894898,0.14087322786450385,0.6820049953460693,0.017026772396638988,-12.146875739097595,0.9634916028380394,13.518285962939263,0.000125,0.35443876206874847,0.0002,99.82,4465.55,-12.158945894241333,41,2,,,,,,,,,,,,,,
44,-11.797989771366119,0.15810254761949183,1.0907589077949524,0.0187987032008823,-10.372724372148515,0.9392424128204584,11.764415109809487,5.468750000000001e-05,0.378197690397501,-13.391389956474304,0.14187065690755843,0.7217348575592041,0.01713280093856156,-12.176358380317687,0.9556882473826408,13.544059559702873,0.000125,0.31313885748386383,0.0002,97.27,4562.82,-12.176358380317687,44,0,,,,,,,,,,,,,,
45,-11.697077580690383,0.15804804632440209,1.1920426344871522,0.019331718044122682,-10.214830781817437,0.930586490854621,11.476911757793278,7.031250000000001e-05,0.3777542778849602,-13.446023378372193,0.1396342036128044,0.6670134258270264,0.017029577968642115,-12.254806141853333,0.9805841726064682,13.45724761247635,0.0001875,0.36177288711071015,0.0002,98.85,4661.67,-12.254806141853333,45,0,8.727316887676716,13.446023347973824,4.718706460297108,13.4572477240292,0.8312980455357512,0.8553388603087916,0.02404081477304043,1.8219527065753938,2.1160515105724333,0.2940988039970396,100.0,0.0,100.0,0.0
46,-11.513762620687485,0.1541600476205349,1.2639277577400208,0.018269267446594312,-10.066960836350917,0.9688504527322948,11.366242585778236,6.25e-05,0.3829817274212837,-13.52717209815979,0.13984336718916893,0.6693584251403809,0.016854941137135027,-12.343774137496949,0.9649104717373848,13.650780743956567,0.000125,0.35950383365154265,0.0002,94.2,4755.87,-12.343774137496949,46,0,,,,,,,,,,,,,,
47,-11.660862344503403,0.1553577090613544,1.1900280964374543,0.018459144341759385,-10.225538973212242,0.9460346351563931,11.552495778053999,4.2968750000000004e-05,0.3858505557477474,-13.391739244461059,0.13871439725160598,0.670206413269043,0.016948207831010222,-12.20455243587494,0.963809321820736,13.512316506505012,0.00015625,0.3654443544149399,0.0002,94.18,4850.05,-12.343774137496949,46,1,,,,,,,,,,,,,,
48,-11.690733716487884,0.1590983237326145,1.2243311297893524,0.01920223313383758,-10.204224421977997,0.9363842814974487,11.42563140001148,4.6875e-05,0.3917085056006908,-13.602235565185547,0.13941717982292176,0.6493064689636231,0.016960217114537955,-12.420015473365783,0.9850367459654809,13.59173108637333,0.00031249999999999995,0.36036985635757446,0.0002,95.37,4945.42,-12.420015473365783,48,0,,,,,,,,,,,,,,
49,-12.12626498222351,0.1532243610918522,1.2254294919967652,0.018586401257198303,-10.676091699004173,0.9278974126465619,11.67944546815008,4.6875e-05,0.39220125675201417,-13.503105053901672,0.14062024012207985,0.6472248077392578,0.01710225436836481,-12.31320456981659,0.9837471175193787,13.524398045837879,0.0001875,0.3496442061662674,0.0002,93.94,5039.36,-12.420015473365783,48,1,,,,,,,,,,,,,,
50,-11.336962040662765,0.16398366873152553,1.3087569510936736,0.019589686065446584,-9.800866983830929,0.9277284527011216,11.00262671686709,2.7343749999999997e-05,0.3980960127711296,-13.590968050956725,0.13975757166743277,0.6543372631072998,0.017060524392873047,-12.401882977485657,0.9866149237751961,13.483199543356896,0.00028125,0.3249239522218704,0.0002,94.86,5134.21,-12.420015473365783,48,2,8.727316887676716,13.590968078374862,4.863651190698146,13.483199686753998,0.8312980455357512,0.8585456760360706,0.02724763050031942,1.8219527065753938,2.134188334941864,0.31223562836647023,100.0,0.0,100.0,0.0
51,-11.92279128909111,0.1636225755047053,1.2822732055187225,0.019820790772791953,-10.38344715833664,0.9272096420451998,11.48134525500238,3.90625e-05,0.4057248032093048,-13.617752838134766,0.13801165997982026,0.6970597457885742,0.01706120491027832,-12.417562918663025,0.993428530395031,13.405951341986656,0.00028125,0.3227798330783844,0.0002,93.5,5227.71,-12.420015473365783,48,3,,,,,,,,,,,,,,
52,-11.717819024324417,0.15831216303631662,1.2029401350021363,0.018778514609439297,-10.25969905078411,0.9349199128523469,11.334518026364968,5.859375000000001e-05,0.40585991069674493,-13.77007827758789,0.14059423744678498,0.6271206378936768,0.016877897679805756,-12.597452790737153,0.9793792968988418,13.751154700666666,0.00021874999999999998,0.3573068583011627,0.0002,94.77,5322.48,-12.597452790737153,52,0,,,,,,,,,,,,,,
53,-12.365416294336319,0.15027952294796706,1.1362608134746552,0.01799089655629359,-10.9747136926651,0.9392881496623159,12.02976811921224,3.125e-05,0.40345995604991913,-13.651628785133362,0.1389031909406185,0.5997099304199218,0.01676742938347161,-12.494441328048707,0.9748760747909546,13.754587029218674,0.00015625,0.33795707046985624,0.0002,96.35,5418.83,-12.597452790737153,52,1,,,,,,,,,,,,,,
54,-11.833442306518554,0.1506236864440143,1.2014369595050811,0.01776860954007134,-10.433957101404667,0.973964524101466,11.70182296384126,1.171875e-05,0.4058953365683556,-13.581001977920533,0.1390347446501255,0.6222522926330566,0.016886334447190166,-12.410974898338317,0.9804261311888695,13.605975513607264,0.00021874999999999998,0.36043228805065153,0.0002,95.02,5513.85,-12.597452790737153,52,2,,,,,,,,,,,,,,
55,-11.81377825692296,0.16001607671380044,1.16993950009346,0.01913559134816751,-10.346000772714614,0.929760501878336,11.576581072732806,1.5625e-05,0.4097548994421959,-13.660745916366578,0.1385931435227394,0.6490653991699219,0.01676947937346995,-12.488959369659424,0.9825517597794533,13.644911732077599,0.00021874999999999998,0.37978270649909973,0.0002,95.46,5609.31,-12.597452790737153,52,3,8.727316887676716,13.660745862722397,4.933428975045681,13.644911837096604,0.8312980455357512,0.85453171052398,0.023233664988228875,1.8219527065753938,2.1707255280017854,0.34877282142639165,100.0,0.0,100.0,0.0
56,-12.015952206850052,0.1503764208033681,1.1689207172393798,0.01782832884346135,-10.623483168333768,0.9526959682442248,11.819683357998729,1.1718750000000002e-05,0.41167574986815453,-13.855483798980712,0.13595959052443504,0.6706007862091065,0.01649898019619286,-12.693394923210144,0.9777244022488594,13.824430384635924,0.0001875,0.39107055485248565,0.0002,90.9,5700.21,-12.693394923210144,56,0,,,,,,,,,,,,,,
57,-12.136285305023193,0.15289371447637679,1.2092730069160462,0.01828648161375895,-10.70628562092781,0.9221391619555652,11.872161472234875,0.0001328125,0.41211742579936983,-13.738852777481078,0.1382271644473076,0.6362907981872559,0.01681575022637844,-12.568950834274291,0.986435364484787,13.736496848836541,0.0001875,0.35467821538448335,0.0002,94.03,5794.25,-12.693394923210144,56,1,,,,,,,,,,,,,,
58,-12.38542991399765,0.15117931431159376,1.1980175125598906,0.017860999251715838,-10.981795332431794,0.9343431021645665,12.006958557590842,8.203125e-05,0.40997457787394526,-13.710874996185304,0.13473569795489312,0.6950371932983398,0.016335418559610845,-12.550857124328614,0.9621443262696266,13.776609156131745,0.00015625,0.40555941104888915,0.0002,94.5,5888.75,-12.693394923210144,56,2,,,,,,,,,,,,,,
59,-12.02579008102417,0.15677301017567516,1.18251549243927,0.01856244511436671,-10.586140186786652,0.9259368762001395,11.79732055670349,8.203124999999999e-05,0.4080820709466934,-13.720612916946411,0.1375056567788124,0.6651404571533203,0.016497454969212413,-12.558692317008973,0.9640354046225548,13.839569742679595,0.00015625,0.35173160433769224,0.0002,95.5,5984.24,-12.693394923210144,56,3,,,,,,,,,,,,,,
60,-12.53529747068882,0.14741577656939625,1.1008096766471862,0.01752813140337821,-11.181232198476792,0.9667459206655622,12.242449526404961,2.7343750000000004e-05,0.40961884111166,-13.85762152671814,0.13470502957701683,0.6737772750854493,0.016448804894462227,-12.698343281745911,0.9741666325926781,13.886378836035728,0.00025,0.33933623373508454,0.0002,93.95,6078.19,-12.698343281745911,60,0,8.727316887676716,13.85762143611908,5.130304548442364,13.886378922087022,0.8312980455357512,0.8592964487599788,0.02799840322422764,1.8219527065753938,2.1838202905654907,0.3618675839900969,100.0,0.0,100.0,0.0
61,-12.330955284833909,0.14091124754399062,1.0156018352508545,0.016684639324666933,-11.05113152205944,0.9387362337484956,12.266111489925533,7.421875000000001e-05,0.40792677059769633,-13.819775285720825,0.13503086999058722,0.6389688491821289,0.016493023531511428,-12.668402671813965,0.9683140030503273,13.924968657493592,0.00015625,0.3678819352388382,0.0002,96.92,6175.11,-12.698343281745911,60,1,,,,,,,,,,,,,,
62,-12.120202728509902,0.14483617074787616,1.179198124408722,0.01747761238599196,-10.747726454734803,0.9280067158490419,11.860059361979365,2.7343749999999997e-05,0.4112806987762451,-13.719645652770996,0.13982452660799027,0.6005500888824463,0.01686592645011842,-12.556359729766847,0.9840634667873382,13.734865307807922,0.00015625,0.41943536639213563,0.0002,96.25,6271.37,-12.698343281745911,60,2,,,,,,,,,,,,,,
63,-11.897988939285279,0.15748669547960162,1.1854911506175996,0.018528684944612905,-10.458420624732971,0.9252550998143851,11.534215416219086,2.7343750000000004e-05,0.41832570374011996,-13.808772830963134,0.13533663123846054,0.6161842441558838,0.016566354371607302,-12.660263295173644,0.9791034677624703,13.89516978442669,0.00015625,0.4160940062999725,0.0002,95.29,6366.66,-12.698343281745911,60,3,,,,,,,,,,,,,,
64,-12.424317746758462,0.15525001162663102,1.2837151217460632,0.018266746876761317,-10.97061583518982,0.9497633695043624,11.995869636833667,1.5625e-05,0.4220219850540161,-13.867112045288087,0.13659283831715585,0.6039066886901856,0.016699129277840258,-12.714390630722045,0.9865830773115158,13.849016020298004,0.0001875,0.4055976158380508,0.0002,95.43,6462.09,-12.714390630722045,64,0,,,,,,,,,,,,,,
65,-12.304925611019135,0.15250405488535762,1.0908550572395326,0.0178725264465902,-10.93153873205185,0.9275172456353903,12.028062125854195,3.125e-05,0.4293348656594753,-14.106435346603394,0.13509004041552544,0.5913514614105224,0.016310000736266376,-12.978439898490906,0.9847968515753746,14.066585175693035,0.00015625,0.40071299493312834,0.0002,97.44,6559.53,-12.978439898490906,65,0,8.727316887676716,14.106435418128967,5.379118530452251,14.066585415541004,0.8312980455357512,0.8590515926545857,0.0277535471188346,1.8219527065753938,2.2136379194259646,0.3916852128505708,100.0,0.0,100.0,0.0
66,-12.489174743890763,0.14662302144803108,1.1673561215400696,0.017352652131812647,-11.124712312221527,0.9523439168557525,12.196759288199246,4.2968750000000004e-05,0.42418438553810117,-13.840218248367309,0.1372458192706108,0.5478975868225098,0.016769522484391928,-12.70012701034546,0.9830849915742874,13.937298724502325,0.000125,0.4391799658536911,0.0002,90.46,6649.99,-12.978439898490906,65,1,,,,,,,,,,,,,,
67,-12.410495042800903,0.14885309426113963,1.1651365375518798,0.017554506278829648,-11.034375652074814,0.9249102960340678,12.006194240842014,2.34375e-05,0.4220031286776066,-13.955836610794067,0.13609075754880906,0.5941430854797364,0.016636589132249354,-12.809673323631287,0.9831169825792313,13.999007349610329,0.00015625,0.3787800616025925,0.0002,96.45,6746.44,-12.978439898490906,65,2,,,,,,,,,,,,,,
68,-12.218153892755508,0.15013203389942645,1.2579956448078156,0.017912857910851017,-10.79498026430607,0.9398379048891365,11.837911113575101,1.1718750000000002e-05,0.4249111196398735,-14.162079086303711,0.1360257963836193,0.6398695182800292,0.016475229514762758,-13.010330948829651,0.984959666132927,14.102047677636147,0.00015625,0.3548966068029404,0.0002,96.14,6842.58,-13.010330948829651,68,0,,,,,,,,,,,,,,
69,-12.434637784957886,0.1490994586981833,1.1621985805034638,0.017699016496771948,-11.051927893161773,0.9479064651578665,12.297889521624892,1.1718750000000002e-05,0.4304288463294506,-14.062284173965454,0.13617559134960175,0.6108200836181641,0.016202821852639316,-12.932721586227418,0.9735184198617935,14.114196348190308,0.00015625,0.39059704065322876,0.0002,96.21,6938.79,-13.010330948829651,68,1,,,,,,,,,,,,,,
70,-12.811843836307526,0.14849722800776363,1.2034303450584412,0.017778672075364738,-11.413383880853653,0.9276318095251918,12.340772929899394,5.0781250000000004e-05,0.42934629067778585,-14.198241834640504,0.13597154155373573,0.5780066394805908,0.01645963710732758,-13.065886254310607,0.9981108665466308,14.078921347856522,0.00025,0.3697806441783905,0.0002,97.45,7036.24,-13.065886254310607,70,0,8.727316887676716,14.198241963386536,5.47092507570982,14.078921306674397,0.8312980455357512,0.862530086624762,0.031232041089010898,1.8219527065753938,2.1918949949741364,0.36994228839874266,100.0,0.0,100.0,0.0
71,-12.65740905880928,0.14816108699887992,1.039918347597122,0.017158220481942408,-11.33936146080494,0.93547487674281,12.376554234689102,3.125e-05,0.43629671826958655,-14.260884284973145,0.13260794326663017,0.5895782661437988,0.01612543309107423,-13.14513104915619,0.969648790359497,14.40329938352108,6.25e-05,0.3943183296918869,0.0002,90.41,7126.64,-13.14513104915619,71,0,,,,,,,,,,,,,,
72,-12.644347625970841,0.14779600183479488,1.174923814535141,0.017447590114315972,-11.271694843769074,0.9314804688282311,12.263850434888154,1.953125e-05,0.43673638105392454,-13.872714252471924,0.1334892138838768,0.7356240844726563,0.015930679999291895,-12.722003870010376,0.9447542604804039,14.09155377149582,9.375e-05,0.39202947676181793,0.0002,93.72,7220.36,-13.14513104915619,71,1,,,,,,,,,,,,,,
73,-12.71453567147255,0.1433275050111115,1.1536306154727936,0.016947728398954497,-11.377732523083687,0.9232976935431361,12.326221749447287,1.953125e-05,0.43130445420742036,-14.046207122802734,0.13299979880452156,0.5660769939422607,0.0163174066785723,-12.927513651847839,0.9622777146100998,14.262049176692962,0.0,0.42592417120933534,0.0002,106.08,7326.44,-13.14513104915619,71,2,,,,,,,,,,,,,,
74,-12.484045699834823,0.14241035006940364,1.1129264438152313,0.016911654792493208,-11.162174598574639,0.976400889903307,12.160787352351472,4.2968750000000004e-05,0.43258373156189917,-14.07840235710144,0.1334564869105816,0.6525335502624512,0.016136471768841146,-12.942362036705017,0.9727385133504868,14.037576912641525,0.0001875,0.40799019515514373,0.0002,95.42,7421.86,-13.14513104915619,71,3,,,,,,,,,,,,,,
75,-12.774838892221451,0.14206515094265343,1.0461240267753602,0.016443965992657468,-11.496738233566283,0.9482263590581715,12.438316190168262,3.90625e-06,0.43739959627389907,-14.122657308578491,0.13219195872545242,0.5380293369293213,0.016179374465718866,-13.02008791923523,0.9734378042817116,14.266710813045501,3.125e-05,0.3660387647151947,0.0001,95.48,7517.34,-13.14513104915619,71,4,8.727316887676716,14.122657415270805,5.395340527594088,14.2667108064636,0.8312980455357512,0.8602092042710271,0.028911158735275944,1.8219527065753938,2.2093461573123934,0.3873934507369996,100.0,0.0,100.0,0.0
76,-13.083925659656524,0.1358801881968975,1.1082603168487548,0.016081561390310525,-11.811489236354827,0.9354229412227869,12.694443608894945,1.1718750000000002e-05,0.440809201747179,-14.28459077835083,0.13021259918808936,0.5922495937347412,0.01591697002761066,-13.180854811668397,0.9703189486265182,14.37326865553856,0.000125,0.4416781657934189,0.0001,93.81,7611.15,-13.180854811668397,76,0,,,,,,,,,,,,,,
77,-12.733355765342713,0.14520473845303059,1.0847795617580414,0.016784249168122187,-11.423504787683488,0.9544934528507292,12.170917531698942,3.125e-05,0.4394046038389206,-14.227880935668946,0.1335579615831375,0.6136534786224366,0.015841803206130864,-13.118136658668519,0.9672447529435158,14.31753326535225,0.000125,0.34214213967323304,0.0001,99.13,7710.28,-13.180854811668397,76,1,,,,,,,,,,,,,,
78,-12.435443694591521,0.14552006509155035,1.0355779480934144,0.016661129022249952,-11.146193746328354,0.939020233284682,12.168542496450245,1.5625e-05,0.4438535138964653,-14.183919677734375,0.1320834244787693,0.6036510467529297,0.015858277278020978,-13.077827248573303,0.9697404143214226,14.257201651334762,0.00018750000000000003,0.33814668893814087,0.0001,128.31,7838.59,-13.180854811668397,76,2,,,,,,,,,,,,,,
79,-12.742215955257416,0.14776888991473242,1.138327775001526,0.01742903237580322,-11.381497032642365,0.9284921644628048,12.380974098909647,1.1718750000000002e-05,0.4438626870512962,-14.262997779846192,0.13171726256608962,0.5818378734588623,0.015766409784555437,-13.168408703804015,0.9710488557815552,14.335738824605942,0.00015625,0.3626435476541519,0.0001,129.97,7968.56,-13.180854811668397,76,3,,,,,,,,,,,,,,
80,-12.97825364112854,0.1422876327391714,1.0932745277881621,0.016324663158738987,-11.691750427484513,0.9461020584218204,12.809121017344296,7.8125e-06,0.4448830887675285,-14.289716396331787,0.13040994420647622,0.5795953178405762,0.0158713904581964,-13.191858587265015,0.9669797307252884,14.419887849092483,9.375000000000002e-05,0.4212119388580322,0.0001,127.03,8095.58,-13.191858587265015,80,0,8.727316887676716,14.289716439247131,5.562399551570415,14.419887967596516,0.8312980455357512,0.8607746731767592,0.029476627641008002,1.8219527065753938,2.234401615858078,0.4124489092826842,100.0,0.0,100.0,0.0
81,-13.374149733781815,0.14731303244829178,1.0685084760189056,0.01726974140154198,-12.042797025442123,0.9248893029429018,12.8888922403194,2.7343749999999997e-05,0.44317546367645266,-14.300875940322875,0.1307774306833744,0.5678816413879395,0.01595967815257609,-13.201750020980835,0.9773854058980942,14.340190938711167,0.00015625,0.408569198846817,0.0001,65.66,8161.25,-13.201750020980835,81,0,,,,,,,,,,,,,,
82,-12.942807935476303,0.14114945028908552,1.0518052387237549,0.016217404546914622,-11.675246620774269,0.941565679460764,12.58250109374523,3.90625e-06,0.4432112966477871,-14.32236156463623,0.1306384253501892,0.6163554573059082,0.01574521725997329,-13.21955548286438,0.9568233388662338,14.478285130262375,3.125e-05,0.3838241791725159,0.0001,72.95,8234.2,-13.21955548286438,82,0,,,,,,,,,,,,,,
83,-13.699394008815288,0.13488983903080226,0.9870050179958344,0.015499620920745655,-12.493421564102173,0.9431546868011356,13.352956405878068,2.7343749999999997e-05,0.4450146980583668,-14.336500368118287,0.13113791957497598,0.588900785446167,0.01581494741141796,-13.23794490814209,0.9680531567335129,14.446140053272247,9.375000000000002e-05,0.43632767140865325,0.0001,99.32,8333.51,-13.23794490814209,83,0,,,,,,,,,,,,,,
84,-13.42680856704712,0.14486825319007038,1.0560870444774628,0.017015253542922437,-12.11435149729252,0.9282590594515204,12.969437958821654,2.7343749999999997e-05,0.4441274181008339,-14.365764446258545,0.13181955024600028,0.5842795372009277,0.015716246571391822,-13.272848415374757,0.9701443707942963,14.448414208889007,0.000125,0.4288325262069702,0.0001,129.65,8463.16,-13.272848415374757,84,0,,,,,,,,,,,,,,
85,-13.471068363189698,0.15108826519921423,1.0901080286502838,0.017372172221075743,-12.12433905005455,0.9234513899311423,12.886159732192755,1.1718750000000002e-05,0.44432389840483666,-14.297518444061279,0.1313632084429264,0.6141468524932862,0.015852854950353504,-13.18926872253418,0.9686971950531006,14.369880459308625,0.00015625,0.3926135903596878,0.0001,125.87,8589.03,-13.272848415374757,84,1,8.727316887676716,14.29751838684082,5.570201499164105,14.369880570460747,0.8312980455357512,0.8612177114037148,0.029919665867963685,1.8219527065753938,2.2149962186813354,0.3930435121059417,100.0,0.0,100.0,0.0
86,-13.313024594783784,0.1439438963122666,1.0948788940906524,0.016793554128380492,-12.000939354598522,0.9299553719907999,12.764886931702495,3.90625e-06,0.4419383870065212,-14.453443965911866,0.13034005612134933,0.5735400867462158,0.015687388880178333,-13.366672601699829,0.9688008752465248,14.560476150512695,9.375e-05,0.39763087809085845,0.0001,100.68,8689.71,-13.366672601699829,86,0,,,,,,,,,,,,,,
87,-12.550305141210556,0.14016562599688767,1.054510350227356,0.016534499203553422,-11.267061454057693,0.9343446127139032,12.272271975278855,2.7343750000000004e-05,0.4420513916015625,-14.486047229766847,0.13039085477590562,0.5708445453643799,0.015724677806720138,-13.39816930770874,0.9776506769657135,14.513917986154556,0.00018750000000000003,0.3848477506637573,0.0001,83.52,8773.24,-13.39816930770874,87,0,,,,,,,,,,,,,,
88,-13.08359414100647,0.14257421392947436,1.0943491208553313,0.016633142661303283,-11.781058011054993,0.9242351480014622,12.601263456642627,2.7343749999999997e-05,0.4410816070437431,-14.503221464157104,0.13027105629444122,0.5858598804473877,0.015519386753439904,-13.421222896575928,0.9712743571400643,14.556883354187011,0.00018750000000000003,0.4011776703596115,0.0001,95.84,8869.08,-13.421222896575928,88,0,,,,,,,,,,,,,,
89,-13.262385556697845,0.14475289261899887,1.0556483221054078,0.01659063198720105,-11.971406569480896,0.9330146530456841,12.891230571045744,3.5156250000000004e-05,0.4440112479031086,-14.570664396286011,0.13076914265751838,0.5863904857635498,0.015573834907263518,-13.485286297798156,0.9709001275897026,14.62316676735878,0.00018750000000000003,0.34586504817008973,0.0001,98.39,8967.47,-13.485286297798156,89,0,,,,,,,,,,,,,,
90,-13.181487736701966,0.14168243264779448,1.0351822876930237,0.01650208037463017,-11.904146569371223,0.9341273938864469,12.662278228588402,3.90625e-06,0.44603080064058304,-14.525376968383789,0.1310899293422699,0.5999099159240723,0.015496707167476415,-13.439478702545166,0.96353759765625,14.62492338180542,0.00018750000000000003,0.3609072345495224,0.0001,95.9,9063.37,-13.485286297798156,89,1,8.727316887676716,14.525376901626586,5.79806001394987,14.62492343233679,0.8312980455357512,0.8629831522720052,0.03168510673625402,1.8219527065753938,2.2196826350688936,0.39772992849349986,100.0,0.0,100.0,0.0
91,-13.433501303195953,0.1400114599522203,1.1270923244953155,0.016190292069804855,-12.145847567915917,0.948389886636287,12.846548805497587,4.2968750000000004e-05,0.4461086192727089,-14.441483821868896,0.12984954550862313,0.587646198272705,0.015627458542585373,-13.353967475891114,0.9692147281765938,14.538080565929413,0.00021875000000000003,0.40875425934791565,0.0001,91.27,9154.64,-13.485286297798156,89,2,,,,,,,,,,,,,,
92,-13.064517148733138,0.14816478973254563,1.0863917124271394,0.017137219903524965,-11.733573764562607,0.9231812793482095,12.59166997410357,0.0,0.4482668364048004,-14.493445034027099,0.12983577646315098,0.5652051544189454,0.015653809336945414,-13.411357145309449,0.970252596437931,14.583297362327576,0.00018750000000000003,0.4288469660282135,0.0001,96.29,9250.93,-13.485286297798156,89,3,,,,,,,,,,,,,,
93,-13.28453685283661,0.13855875371955334,1.129131829738617,0.01630458761123009,-11.99200915813446,0.9265732195228338,12.695659923255443,0.0,0.4456163378059864,-14.437381715774537,0.1306332503259182,0.5639144325256348,0.01571351381018758,-13.35189820766449,0.9752085798978806,14.487285418510437,0.00015625,0.39879673659801484,5e-05,98.41,9349.34,-13.485286297798156,89,4,,,,,,,,,,,,,,
94,-13.574109556674957,0.13785660592839122,0.9955053865909577,0.01548918656189926,-12.363141936063766,0.9431321918964386,13.142202100306749,3.90625e-06,0.4472425526380539,-14.503791608810424,0.12919491425156593,0.5701928424835205,0.015547986971214414,-13.426139345169068,0.9665004888176918,14.614555035233497,0.00015625,0.4032120609283447,5e-05,98.68,9448.02,-13.485286297798156,89,5,,,,,,,,,,,,,,
95,-13.519828740358353,0.1418184738792479,1.0445941984653473,0.01651306965504773,-12.238978546857833,0.9436914353817701,13.043944773525,3.90625e-06,0.44959407731890677,-14.502297687530518,0.129774724021554,0.5549656009674072,0.01551800792105496,-13.430132813453675,0.9718436089158058,14.589603818655014,0.00018750000000000003,0.3780875241756439,5e-05,97.57,9545.59,-13.485286297798156,89,6,8.727316887676716,14.502297942638398,5.774981054961682,14.589603979805403,0.8312980455357512,0.8639108501634599,0.03261280462770877,1.8219527065753938,2.2276571941375733,0.4057044875621796,100.0,0.0,100.0,0.0
96,-13.556745755672456,0.14236189058981835,1.1010104835033416,0.016214758970309048,-12.27334275841713,0.9279917027428746,13.087849176665769,7.8125e-06,0.45004816964268685,-14.501856508255004,0.13024025946855544,0.586378927230835,0.015378928193822503,-13.42675609588623,0.960561392903328,14.626156727075577,0.00015625,0.3949177539348602,5e-05,92.42,9638.01,-13.485286297798156,89,7,,,,,,,,,,,,,,
97,-13.530368353128432,0.13334812110289931,0.8850876212120056,0.015097793371533044,-12.376604272127151,0.9520823985338212,13.123583432324232,0.0,0.4507416422665119,-14.497036323547363,0.13059715032577515,0.5937961959838867,0.015479266997426749,-13.414336972236633,0.9630050405859947,14.603218673467635,0.00018750000000000003,0.44000264883041385,2.5e-05,95.72,9733.73,-13.485286297798156,89,8,,,,,,,,,,,,,,
98,-13.467070188522339,0.14623942100442947,1.0734069061279297,0.01681177394289989,-12.158219931125641,0.9351183588989079,12.884002592787146,2.34375e-05,0.4498490950465202,-14.615196132659912,0.12880838334560393,0.5652623748779297,0.015450768545269966,-13.544270820617676,0.9669577008485795,14.730662181377411,9.375000000000002e-05,0.41706611394882204,2.5e-05,95.48,9829.21,-13.544270820617676,98,0,,,,,,,,,,,,,,
99,-13.045683958530425,0.13912975890561938,1.0094951689243317,0.01602106028352864,-11.802652584314346,0.9455094782449305,12.816620567319914,0.0,0.4494908846914768,-14.628436965942383,0.13012005113065242,0.5610892963409424,0.015440995749086141,-13.55794035434723,0.9667056849598885,14.751474403142929,9.375000000000002e-05,0.4075032377243042,2.5e-05,97.52,9926.73,-13.55794035434723,99,0,,,,,,,,,,,,,,
100,-13.440273427963257,0.13532655853778125,0.8993273806571961,0.015286809305544012,-12.270808117389679,0.9717937377281487,13.054187625534832,3.90625e-06,0.4490882907807827,-14.602700424194335,0.12855915792286396,0.5722987651824951,0.015439650202170014,-13.530468974113464,0.9692601644992829,14.679667034149169,0.00015625,0.39863323748111723,2.5e-05,94.15,10020.88,-13.55794035434723,99,1,8.727316887676716,14.602700558900834,5.875383671224117,14.679667074009693,0.8312980455357512,0.8639722202705598,0.0326741747348086,1.8219527065753938,2.245215257406235,0.4232625508308412,100.0,0.0,100.0,0.0
