sample_id,unseen_snr_db,actual_input_snr_db,waveform_output_snr_db,waveform_snr_improvement_db,mean_mask_magnitude,p95_mask_magnitude
S0011,-2.5,-2.50000006983285,7.81919364418103,10.31919371401388,0.8085578083992004,1.0169947147369385
S0011,2.5,2.4999998894616384,12.070287979894989,9.570288090433351,0.7449788451194763,1.000938892364502
S0011,7.5,7.500000052325674,16.302583696423245,8.80258364409757,0.6405042409896851,0.9858580827713013
S0011,12.5,12.500000288576807,19.967915855345456,7.467915566768649,0.5119569897651672,0.9684074521064758
S0011,17.5,17.500000205453187,22.9611395849378,5.461139379484614,0.3853745460510254,0.9564777612686157
S0011,25.0,24.999999691374136,26.534044844890996,1.5340451535168604,0.3124341368675232,0.9367548823356628
S0016,-2.5,-2.499999985884172,5.154568670374688,7.65456865625886,0.5494380593299866,1.0188692808151245
S0016,2.5,2.500000257883248,8.456647584231469,5.956647326348221,0.45557379722595215,0.9905234575271606
S0016,7.5,7.499999860831847,12.169260771201355,4.669260910369507,0.38046833872795105,0.9621127247810364
S0016,12.5,12.500000202401104,16.407023422308818,3.907023219907714,0.3001938760280609,0.8927282691001892
S0016,17.5,17.499999800082964,20.11540019804873,2.6154003979657645,0.23733408749103546,0.8082513809204102
S0016,25.0,25.00000006071877,26.282614294102636,1.2826142333838675,0.17971399426460266,0.6883161664009094
S0019,-2.5,-2.4999999036156026,7.0098410973649425,9.509841000980545,0.6819126605987549,0.9953444600105286
S0019,2.5,2.4999997278040214,10.426261062180536,7.926261334376515,0.44343051314353943,0.9588539004325867
S0019,7.5,7.500000043761222,13.863082059882014,6.363082016120792,0.28875553607940674,0.8758997917175293
S0019,12.5,12.499999727634407,17.582649207998546,5.0826494803641395,0.17738594114780426,0.6868754029273987
S0019,17.5,17.49999855372976,21.34559319943678,3.8455946457070205,0.12540829181671143,0.5245128870010376
S0019,25.0,24.99999264110467,27.293810971716432,2.2938183306117637,0.09760406613349915,0.3982151746749878
S0023,-2.5,-2.4999998958095864,3.6668711886398535,6.16687108444944,0.9609085321426392,1.0599113702774048
S0023,2.5,2.499999758887067,8.095913150142408,5.595913391255341,0.8774493932723999,1.0369497537612915
S0023,7.5,7.500000248415521,11.690907754829043,4.190907506413522,0.791495144367218,1.0167262554168701
S0023,12.5,12.49999997210958,15.539614282443221,3.0396143103336417,0.699406087398529,0.9847690463066101
S0023,17.5,17.499999983482446,19.587951891940946,2.0879519084585,0.5032450556755066,0.9327044486999512
S0023,25.0,24.999999647297045,25.633793020285705,0.6337933729886593,0.3159253001213074,0.861563503742218
S0033,-2.5,-2.499999589933231,-2.0770165550507396,0.42298303488249145,0.412753701210022,0.9560011625289917
S0033,2.5,2.4999999197361484,2.8809382574791833,0.38093833774303487,0.36395055055618286,0.928835391998291
S0033,7.5,7.499999869650209,7.994127642810137,0.49412777315992873,0.2916043698787689,0.8931246995925903
S0033,12.5,12.499999868120973,13.13845468958593,0.6384548214649577,0.26848986744880676,0.8616767525672913
S0033,17.5,17.499999867233555,18.320013104383964,0.820013237150409,0.2494538426399231,0.8089230060577393
S0033,25.0,24.999999894775865,25.951203424016146,0.9512035292402814,0.2150898426771164,0.7230934500694275
S0045,-2.5,-2.4999999306735874,-0.022648039728712963,2.4773518909448744,0.5693545341491699,1.0027656555175781
S0045,2.5,2.4999999374544064,5.027156372930798,2.5271564354763916,0.5187394618988037,0.9823369979858398
S0045,7.5,7.499999722019421,10.25240905096763,2.752409328948209,0.46073490381240845,0.9656354188919067
S0045,12.5,12.500000031851194,15.166461117804273,2.6664610859530793,0.3933655321598053,0.9423012733459473
S0045,17.5,17.500000419804852,19.97388362465988,2.473883204855028,0.33055150508880615,0.8956615328788757
S0045,25.0,25.000000114443687,26.049881016174353,1.049880901730667,0.25412702560424805,0.7604497075080872
S0053,-2.5,-2.500000231352563,0.7728369398815347,3.2728371712340976,0.4345010221004486,0.8771710991859436
S0053,2.5,2.4999999786986176,4.98163337976046,2.4816334010618424,0.38020408153533936,0.8366719484329224
S0053,7.5,7.499999868150904,9.329151823291149,1.8291519551402446,0.31030020117759705,0.8192485570907593
S0053,12.5,12.499999843861563,13.767173968048587,1.267174124187024,0.2984149754047394,0.8111360669136047
S0053,17.5,17.500000316135612,17.950132373686426,0.45013205755081387,0.28632017970085144,0.7926902174949646
S0053,25.0,24.999999574158387,23.305706964936384,-1.6942926092220034,0.2498062402009964,0.739854633808136
S0071,-2.5,-2.4999999055497786,10.7258709001645,13.225870805714278,0.5162081122398376,0.9947437644004822
S0071,2.5,2.5000002288592116,15.115707154601834,12.615706925742622,0.4748939573764801,0.9799352884292603
S0071,7.5,7.499999794111888,18.160647237644206,10.660647443532318,0.45581433176994324,0.9576407670974731
S0071,12.5,12.500000266113746,21.49014129354928,8.990141027435532,0.3848332166671753,0.9155020117759705
S0071,17.5,17.50000008301647,25.285486425688756,7.785486342672286,0.3139903247356415,0.8494244813919067
S0071,25.0,24.999999762258277,29.05345720157923,4.053457439320955,0.2657807469367981,0.8093681335449219
S0078,-2.5,-2.500000021744733,9.100617790097438,11.60061781184217,0.41744640469551086,0.9537831544876099
S0078,2.5,2.500000208425352,11.903794596596766,9.403794388171415,0.39460763335227966,0.9408971667289734
S0078,7.5,7.49999945896858,15.223886035953175,7.723886576984595,0.34714964032173157,0.9165887236595154
S0078,12.5,12.499997892853852,16.43927085988122,3.9392729670273674,0.18845704197883606,0.6876062154769897
S0078,17.5,17.499992898445775,18.337890162262415,0.8378972638166395,0.10502368211746216,0.40106961131095886
S0078,25.0,24.999959239751007,24.45270980600902,-0.5472494337419853,0.08818382024765015,0.35639700293540955
S0081,-2.5,-2.499999715202617,-0.09480768962677416,2.4051920255758428,0.93882155418396,1.0739314556121826
S0081,2.5,2.499999843493303,4.510665246727038,2.010665403233735,0.9122881889343262,1.0916537046432495
S0081,7.5,7.499999980390106,9.059290277472924,1.5592902970828177,0.8328192830085754,1.0610328912734985
S0081,12.5,12.499999929192775,13.630645588590596,1.1306456593978211,0.6750245094299316,1.004807710647583
S0081,17.5,17.50000013778439,17.685024548927913,0.18502441114352308,0.48463350534439087,0.9479930996894836
S0081,25.0,24.99999966302385,22.800902759074106,-2.1990969039497443,0.32799625396728516,0.8811872005462646
S0096,-2.5,-2.499999975894318,7.554637772710876,10.054637748605195,0.4412122964859009,0.9668304324150085
S0096,2.5,2.4999998975166386,14.423718749678534,11.923718852161894,0.44519612193107605,0.9575669765472412
S0096,7.5,7.499999579019692,19.244271306925494,11.744271727905803,0.4253332316875458,0.9498149156570435
S0096,12.5,12.500000287481871,22.578691253248714,10.078690965766842,0.39643511176109314,0.9503998160362244
S0096,17.5,17.500000007544678,25.14062107775971,7.640621070215033,0.3636365234851837,0.9339345693588257
S0096,25.0,24.9999999026738,29.66376198614836,4.663762083474559,0.29804450273513794,0.8918564915657043
S0129,-2.5,-2.4999997591896457,5.628369408959681,8.128369168149327,0.8030958771705627,1.04146409034729
S0129,2.5,2.499999859866215,9.315855571423482,6.815855711557267,0.6755691170692444,1.019016981124878
S0129,7.5,7.49999959539697,12.992183767620066,5.492184172223096,0.5162286162376404,0.9957765936851501
S0129,12.5,12.50000027058121,16.887454866087722,4.387454595506512,0.34986841678619385,0.9357896447181702
S0129,17.5,17.499999763392402,20.312369486113656,2.812369722721254,0.23097074031829834,0.7936944365501404
S0129,25.0,24.99999971655511,25.900913307591882,0.9009135910367725,0.15293146669864655,0.6128955483436584
S0130,-2.5,-2.4999997867567565,4.383688618926196,6.883688405682952,0.34970805048942566,0.9727213382720947
S0130,2.5,2.5000001153393954,10.219370002450493,7.719369887111098,0.3334197700023651,0.9338209629058838
S0130,7.5,7.49999950764037,14.820404304591875,7.320404796951506,0.3019951283931732,0.8280866146087646
S0130,12.5,12.500000325073016,19.08570716449337,6.5857068394203555,0.27935415506362915,0.7157772779464722
S0130,17.5,17.49999952462865,23.50736365156793,6.0073641269392795,0.2652145028114319,0.6704999208450317
S0130,25.0,24.99999817664274,28.729336305075584,3.7293381284328433,0.2487148940563202,0.6207246780395508
S0138,-2.5,-2.5000002144510987,5.213790160007644,7.713790374458743,0.3126251995563507,0.9806393384933472
S0138,2.5,2.500000145408745,8.928660274243704,6.428660128834959,0.2784232795238495,0.9499883651733398
S0138,7.5,7.499999964697875,12.030069512562608,4.530069547864733,0.23362910747528076,0.886792004108429
S0138,12.5,12.499999819126648,15.906983857887768,3.40698403876112,0.18803046643733978,0.7955986857414246
S0138,17.5,17.499999908301916,20.18352101229476,2.6835211039928453,0.15823246538639069,0.7120697498321533
S0138,25.0,24.999998855725828,26.48788477557535,1.4878859198495213,0.13109472393989563,0.6096304655075073
S0157,-2.5,-2.4999996302834777,1.7518937970555122,4.25189342733899,0.4939924478530884,0.9491779804229736
S0157,2.5,2.5000001691418996,7.212609764996669,4.71260959585477,0.49235644936561584,0.970145583152771
S0157,7.5,7.5000003037136995,11.986149982164886,4.486149678451186,0.40127065777778625,0.9294154644012451
S0157,12.5,12.499999770119922,16.287902269621842,3.7879024995019197,0.3213990330696106,0.8766698241233826
S0157,17.5,17.499999929956804,19.990834058923348,2.4908341289665437,0.2727023661136627,0.8085595369338989
S0157,25.0,24.9999999539402,24.85530948633894,-0.14469046760126147,0.24199765920639038,0.7987526655197144
S0164,-2.5,-2.4999997633875015,10.682237973014267,13.182237736401769,0.6237537860870361,1.0105149745941162
S0164,2.5,2.5000001782626073,14.271523550380973,11.771523372118367,0.547034740447998,0.993603527545929
S0164,7.5,7.5000000890916905,17.538538915984496,10.038538826892806,0.4658045172691345,0.9660735726356506
S0164,12.5,12.499999881580662,20.59578482496002,8.095784943379359,0.40912294387817383,0.930303156375885
S0164,17.5,17.499999821678156,24.280860971633686,6.7808611499555305,0.3795882761478424,0.8834620714187622
S0164,25.0,25.000000035197175,28.599705423145675,3.5997053879485,0.31560152769088745,0.8197145462036133
S0194,-2.5,-2.499999947683984,9.807377646626271,12.307377594310255,0.4066293239593506,0.912665843963623
S0194,2.5,2.499999645619289,14.183405390254277,11.683405744634989,0.309389591217041,0.8483884334564209
S0194,7.5,7.499999694929324,17.584296674562196,10.084296979632873,0.2468419373035431,0.7636960744857788
S0194,12.5,12.500000002580089,20.661795417217448,8.161795414637359,0.20278865098953247,0.6692120432853699
S0194,17.5,17.500000074041576,23.07490145492401,5.574901380882434,0.17996717989444733,0.6136268973350525
S0194,25.0,24.99999966157673,27.49591586716004,2.4959162055833097,0.16594840586185455,0.60810387134552
S0201,-2.5,-2.499999704639657,2.7499457823710323,5.24994548701069,0.6018829345703125,1.0031828880310059
S0201,2.5,2.500000315170335,6.540422152338445,4.04042183716811,0.5794865489006042,1.0138174295425415
S0201,7.5,7.500000308479039,10.975495336610386,3.4754950281313475,0.4933406412601471,0.9782785773277283
S0201,12.5,12.500000176733735,14.63865969221742,2.1386595154836847,0.3590712249279022,0.8857842683792114
S0201,17.5,17.500000150536895,18.179773081129515,0.6797729305926197,0.24394533038139343,0.7402821183204651
S0201,25.0,24.99999982812128,25.24598001678886,0.24598018866758053,0.17535553872585297,0.6433408260345459
S0204,-2.5,-2.50000041464355,5.989162425094118,8.489162839737668,0.5448883175849915,1.0055603981018066
S0204,2.5,2.500000057053948,11.780523586123742,9.280523529069795,0.4993818998336792,0.9908846616744995
S0204,7.5,7.500000243517198,14.971100209544257,7.471099966027059,0.4851490259170532,0.9746776223182678
S0204,12.5,12.500000181082358,16.98613187774907,4.486131696666712,0.43397751450538635,0.9439709782600403
S0204,17.5,17.499999304579127,19.458921987144233,1.958922682565106,0.36812400817871094,0.8716446757316589
S0204,25.0,24.999997854684466,22.97018221593351,-2.029815638750957,0.3301302194595337,0.7557690143585205
S0209,-2.5,-2.499999856608481,11.273870491744146,13.773870348352627,0.2803182303905487,0.9862613677978516
S0209,2.5,2.5000000397757653,14.689732872952124,12.18973283317636,0.2749195992946625,0.9673603773117065
S0209,7.5,7.50000021115223,16.48757828844002,8.98757807728779,0.2593786418437958,0.9129199385643005
S0209,12.5,12.49999974589236,17.297672870074177,4.7976731241818165,0.22049753367900848,0.811451256275177
S0209,17.5,17.50000009712992,17.954309276250882,0.4543091791209619,0.20456212759017944,0.7588233351707458
S0209,25.0,24.999999272707242,18.591838951247347,-6.408160321459896,0.19048544764518738,0.7018644213676453
S0214,-2.5,-2.499999890657728,6.953042820248324,9.453042710906052,0.6100141406059265,1.008606195449829
S0214,2.5,2.500000154881814,10.780295635779627,8.280295480897813,0.526439905166626,0.9986148476600647
S0214,7.5,7.500000192015356,14.519394640882602,7.019394448867247,0.4791344106197357,0.9870123863220215
S0214,12.5,12.500000273566377,18.02364467067526,5.5236443971088836,0.43612271547317505,0.9632644057273865
S0214,17.5,17.499999876070845,21.526440254059732,4.026440377988887,0.3756498396396637,0.9212580919265747
S0214,25.0,25.000000091782745,26.467935179386167,1.467935087603422,0.2958402931690216,0.8051735162734985
S0234,-2.5,-2.4999998020792153,6.887370180319459,9.387369982398674,0.3159392178058624,0.897465169429779
S0234,2.5,2.5000003563887967,10.310576256017113,7.810575899628316,0.29171401262283325,0.8929821252822876
S0234,7.5,7.499999756958948,13.671081593262143,6.171081836303195,0.2783375084400177,0.8971415162086487
S0234,12.5,12.499999765420435,16.616789757929944,4.116789992509508,0.25610390305519104,0.8719314336776733
S0234,17.5,17.49999968578311,20.089963502287837,2.589963816504728,0.20384331047534943,0.7247918248176575
S0234,25.0,24.99999789423352,25.71066994394191,0.7106720497083892,0.1187659278512001,0.42905762791633606
S0242,-2.5,-2.5000001910416265,0.7622880968703849,3.2622882879120114,0.5584492087364197,0.9640263915061951
S0242,2.5,2.5000002204695115,6.075185558291763,3.575185337822252,0.4353640675544739,0.9728202819824219
S0242,7.5,7.4999996648881515,10.69386178860791,3.193862123719758,0.33590230345726013,0.9352604746818542
S0242,12.5,12.500000075999074,14.990037306757177,2.4900372307581033,0.22760409116744995,0.8108595013618469
S0242,17.5,17.49999963522411,19.36198751639122,1.86198788116711,0.16080543398857117,0.6861894130706787
S0242,25.0,24.99999964762639,26.356452362660367,1.3564527150339778,0.13273096084594727,0.5976221561431885
S0247,-2.5,-2.49999979557102,4.438336304649637,6.938336100220656,0.4869125783443451,0.9898960590362549
S0247,2.5,2.499999746942713,8.517972218690606,6.017972471747893,0.4448835253715515,0.9792483448982239
S0247,7.5,7.500000216375198,12.308798007658478,4.80879779128328,0.37836307287216187,0.9628807306289673
S0247,12.5,12.500000179459976,16.036321283592066,3.5363211041320906,0.29258081316947937,0.9170926809310913
S0247,17.5,17.4999998598429,19.78166466656342,2.281664806720517,0.2090027928352356,0.8321902751922607
S0247,25.0,24.999999803263794,25.78828326588407,0.7882834626202744,0.13503201305866241,0.6516755223274231
S0263,-2.5,-2.4999997278543673,2.2942324567822685,4.794232184636636,0.7044684290885925,1.0023800134658813
S0263,2.5,2.500000067230417,6.720346682714088,4.220346615483671,0.6327880620956421,0.9758460521697998
S0263,7.5,7.499999722534781,11.195795585384381,3.6957958628496,0.5219990611076355,0.9570895433425903
S0263,12.5,12.500000172900547,15.226644483229396,2.726644310328849,0.41423818469047546,0.9400443434715271
S0263,17.5,17.499999836614762,19.128335226818077,1.6283353902033149,0.3405700623989105,0.9022032022476196
S0263,25.0,24.999999317728214,24.036565989298918,-0.9634333284292964,0.28768715262413025,0.7665912508964539
S0269,-2.5,-2.500000206043751,1.569992452008515,4.069992658052266,0.24984440207481384,0.792621374130249
S0269,2.5,2.499999951585533,5.20153110029142,2.701531148705887,0.20593978464603424,0.7395389080047607
S0269,7.5,7.499999904301152,9.542820417501115,2.0428205131999633,0.1740492582321167,0.6679344773292542
S0269,12.5,12.499999951814452,13.868479444964432,1.3684794931499802,0.1466745287179947,0.6145954728126526
S0269,17.5,17.49999979897926,18.28516226968867,0.7851624707094089,0.12880805134773254,0.5669359564781189
S0269,25.0,24.999998988996293,25.296831364022708,0.29683237502641546,0.11385557055473328,0.5193896889686584
S0277,-2.5,-2.5000002321820816,10.636820743574827,13.136820975756908,0.5256808996200562,1.0108020305633545
S0277,2.5,2.5000003744595483,13.026452230461345,10.526451856001797,0.4741155505180359,1.0069656372070312
S0277,7.5,7.500000136579756,14.93431150629939,7.434311369719633,0.4262179136276245,0.9945865273475647
S0277,12.5,12.499999909271036,16.798059948889417,4.298060039618381,0.36811310052871704,0.973541259765625
S0277,17.5,17.500000088281958,18.773202297369277,1.2732022090873194,0.3167952001094818,0.9420443773269653
S0277,25.0,24.999999795097544,21.48188654784807,-3.518113247249474,0.257553368806839,0.8515057563781738
S0278,-2.5,-2.4999998032444193,6.138279448519276,8.638279251763695,0.7164708375930786,1.020084261894226
S0278,2.5,2.500000044936626,10.667486067307655,8.16748602237103,0.6494923830032349,1.004501461982727
S0278,7.5,7.499999759208048,14.212046134077678,6.7120463748696295,0.520643949508667,0.9676163196563721
S0278,12.5,12.49999959883208,16.83944226413973,4.339442665307651,0.3440907597541809,0.885025143623352
S0278,17.5,17.500000183176702,19.95691065292857,2.456910469751868,0.2512202560901642,0.7922075986862183
S0278,25.0,25.00000003850946,26.029487431879698,1.029487393370239,0.19308532774448395,0.6611826419830322
S0281,-2.5,-2.499999820086974,8.68202380935978,11.182023629446753,0.3787728548049927,0.8694055080413818
S0281,2.5,2.4999998381439332,10.958529362375227,8.458529524231293,0.29036375880241394,0.8248652815818787
S0281,7.5,7.4999999317674995,13.885536501066778,6.385536569299278,0.24422669410705566,0.7987003922462463
S0281,12.5,12.499999793949483,16.493960102895592,3.993960308946109,0.25272220373153687,0.7247616052627563
S0281,17.5,17.499999717399827,18.71025014014033,1.2102504227405042,0.2551405429840088,0.6739875078201294
S0281,25.0,24.999999664832707,21.951214428586802,-3.048785236245905,0.237302765250206,0.6424080729484558
S0295,-2.5,-2.4999999445613783,5.685395288557804,8.185395233119182,0.33208221197128296,0.9328410625457764
S0295,2.5,2.500000118346441,9.419891669808301,6.91989155146186,0.3114002048969269,0.9276021718978882
S0295,7.5,7.499999843537642,12.491249460534505,4.991249616996862,0.2999833822250366,0.9290642738342285
S0295,12.5,12.499999978287299,14.633354033177504,2.133354054890205,0.2932964861392975,0.9129449725151062
S0295,17.5,17.50000015537251,16.135668126373368,-1.3643320289991436,0.2968611419200897,0.89101243019104
S0295,25.0,24.999999760283043,17.37982329962986,-7.620176460653184,0.3005751371383667,0.8632869720458984
