sample_id,noisy_filename,clean_filename,noise_category,target_snr_db,measured_snr_db,duration_sec
S0001,S0001_snr_-5dB_armored_vehicle.wav,male_0777.wav,armored_vehicle,-5,-5.0,4.16
S0002,S0002_snr_-5dB_armored_vehicle.wav,male_0508.wav,armored_vehicle,-5,-5.0,3.3712
S0003,S0003_snr_-5dB_armored_vehicle.wav,male_0896.wav,armored_vehicle,-5,-5.0,4.1998
S0004,S0004_snr_-5dB_armored_vehicle.wav,male_0923.wav,armored_vehicle,-5,-5.0,10.4587
S0005,S0005_snr_-5dB_armored_vehicle.wav,male_0034.wav,armored_vehicle,-5,-5.0,3.8727
S0006,S0006_snr_-5dB_armored_vehicle.wav,male_0484.wav,armored_vehicle,-5,-5.0,4.5999
S0007,S0007_snr_-5dB_armored_vehicle.wav,male_0086.wav,armored_vehicle,-5,-5.0,7.2838
S0008,S0008_snr_-5dB_armored_vehicle.wav,male_0751.wav,armored_vehicle,-5,-5.0,18.0237
S0009,S0009_snr_-5dB_armored_vehicle.wav,male_0355.wav,armored_vehicle,-5,-5.0,7.04
S0012,S0012_snr_-5dB_armored_vehicle.wav,male_0810.wav,armored_vehicle,-5,-5.0,17.8625
S0013,S0013_snr_-5dB_armored_vehicle.wav,male_0419.wav,armored_vehicle,-5,-5.0,4.6111
S0014,S0014_snr_-5dB_armored_vehicle.wav,male_0616.wav,armored_vehicle,-5,-5.0,29.6518
S0015,S0015_snr_-5dB_armored_vehicle.wav,male_0683.wav,armored_vehicle,-5,-5.0,7.16
S0017,S0017_snr_-5dB_armored_vehicle.wav,male_0761.wav,armored_vehicle,-5,-5.0,5.005
S0020,S0020_snr_-5dB_armored_vehicle.wav,male_0337.wav,armored_vehicle,-5,-5.0,11.0451
S0021,S0021_snr_-5dB_armored_vehicle.wav,male_0451.wav,armored_vehicle,-5,-5.0,9.8691
S0022,S0022_snr_-5dB_armored_vehicle.wav,male_0791.wav,armored_vehicle,-5,-5.0,12.6134
S0024,S0024_snr_-5dB_armored_vehicle.wav,male_0468.wav,armored_vehicle,-5,-5.0,3.246
S0025,S0025_snr_-5dB_artillery.wav,male_0623.wav,artillery,-5,-5.0,10.08
S0026,S0026_snr_-5dB_artillery.wav,male_0477.wav,artillery,-5,-5.0,5.8096
S0027,S0027_snr_-5dB_artillery.wav,male_0615.wav,artillery,-5,-5.0,4.9094
S0028,S0028_snr_-5dB_artillery.wav,male_0555.wav,artillery,-5,-5.0,4.48
S0029,S0029_snr_-5dB_artillery.wav,male_0366.wav,artillery,-5,-5.0,6.9768
S0030,S0030_snr_-5dB_artillery.wav,male_0771.wav,artillery,-5,-5.0,6.1779
S0031,S0031_snr_-5dB_artillery.wav,male_0631.wav,artillery,-5,-5.0,3.9613
S0032,S0032_snr_-5dB_artillery.wav,male_0941.wav,artillery,-5,-5.0,3.1482
S0034,S0034_snr_-5dB_artillery.wav,male_0497.wav,artillery,-5,-5.0,4.9081
S0035,S0035_snr_-5dB_artillery.wav,male_0925.wav,artillery,-5,-5.0,11.1945
S0036,S0036_snr_-5dB_artillery.wav,male_0370.wav,artillery,-5,-5.0,3.0561
S0037,S0037_snr_-5dB_artillery.wav,male_0597.wav,artillery,-5,-5.0,7.5834
S0039,S0039_snr_-5dB_artillery.wav,male_0054.wav,artillery,-5,-5.0,3.723
S0041,S0041_snr_-5dB_artillery.wav,male_0057.wav,artillery,-5,-5.0,7.8
S0042,S0042_snr_-5dB_artillery.wav,male_0265.wav,artillery,-5,-5.0,3.8423
S0043,S0043_snr_-5dB_artillery.wav,male_0773.wav,artillery,-5,-5.0,5.5996
S0044,S0044_snr_-5dB_artillery.wav,male_0186.wav,artillery,-5,-5.0,7.0
S0047,S0047_snr_-5dB_artillery.wav,male_0175.wav,artillery,-5,-5.0,4.9706
S0048,S0048_snr_-5dB_artillery.wav,male_0151.wav,artillery,-5,-5.0,5.785
S0049,S0049_snr_-5dB_drone.wav,male_0742.wav,drone,-5,-5.0,4.9999
S0052,S0052_snr_-5dB_drone.wav,male_0966.wav,drone,-5,-5.0,10.1347
S0054,S0054_snr_-5dB_drone.wav,male_0190.wav,drone,-5,-5.0,4.5941
S0055,S0055_snr_-5dB_drone.wav,male_0415.wav,drone,-5,-5.0,27.2279
S0056,S0056_snr_-5dB_drone.wav,male_0590.wav,drone,-5,-5.0,3.4988
S0058,S0058_snr_-5dB_drone.wav,male_0764.wav,drone,-5,-5.0,4.5838
S0059,S0059_snr_-5dB_drone.wav,male_0222.wav,drone,-5,-5.0,7.4704
S0060,S0060_snr_-5dB_drone.wav,male_0587.wav,drone,-5,-5.0,4.0423
S0061,S0061_snr_-5dB_drone.wav,male_0582.wav,drone,-5,-5.0,8.7436
S0062,S0062_snr_-5dB_drone.wav,male_0300.wav,drone,-5,-5.0,4.0818
S0064,S0064_snr_-5dB_drone.wav,male_0387.wav,drone,-5,-5.0,4.3191
S0065,S0065_snr_-5dB_drone.wav,male_0365.wav,drone,-5,-5.0,7.6044
S0066,S0066_snr_-5dB_drone.wav,male_0880.wav,drone,-5,-5.0,3.2664
S0067,S0067_snr_-5dB_drone.wav,male_0335.wav,drone,-5,-5.0,4.6515
S0068,S0068_snr_-5dB_drone.wav,male_0017.wav,drone,-5,-5.0,3.0601
S0069,S0069_snr_-5dB_drone.wav,male_0203.wav,drone,-5,-5.0,3.2712
S0070,S0070_snr_-5dB_drone.wav,male_0002.wav,drone,-5,-5.0,5.0309
S0072,S0072_snr_-5dB_drone.wav,male_0291.wav,drone,-5,-5.0,3.5321
S0073,S0073_snr_-5dB_siren.wav,male_0494.wav,siren,-5,-5.0,9.68
S0074,S0074_snr_-5dB_siren.wav,male_0248.wav,siren,-5,-5.0,4.7341
S0075,S0075_snr_-5dB_siren.wav,male_0507.wav,siren,-5,-5.0,4.8302
S0076,S0076_snr_-5dB_siren.wav,male_0897.wav,siren,-5,-5.0,8.3891
S0077,S0077_snr_-5dB_siren.wav,male_0714.wav,siren,-5,-5.0,3.0636
S0079,S0079_snr_-5dB_siren.wav,male_0077.wav,siren,-5,-5.0,5.74
S0080,S0080_snr_-5dB_siren.wav,male_0912.wav,siren,-5,-5.0,9.8
S0083,S0083_snr_-5dB_siren.wav,male_0178.wav,siren,-5,-5.0,3.6304
S0084,S0084_snr_-5dB_siren.wav,male_0843.wav,siren,-5,-5.0,4.32
S0085,S0085_snr_-5dB_siren.wav,male_0201.wav,siren,-5,-5.0,3.2524
S0086,S0086_snr_-5dB_siren.wav,male_0766.wav,siren,-5,-5.0,16.4629
S0087,S0087_snr_-5dB_siren.wav,male_0910.wav,siren,-5,-5.0,8.72
S0088,S0088_snr_-5dB_siren.wav,male_0294.wav,siren,-5,-5.0,6.1667
S0089,S0089_snr_-5dB_siren.wav,male_0539.wav,siren,-5,-5.0,7.2142
S0090,S0090_snr_-5dB_siren.wav,male_0025.wav,siren,-5,-5.0,3.6433
S0091,S0091_snr_-5dB_siren.wav,male_0695.wav,siren,-5,-5.0,4.3866
S0093,S0093_snr_-5dB_siren.wav,male_0425.wav,siren,-5,-5.0,14.6748
S0094,S0094_snr_-5dB_siren.wav,male_0529.wav,siren,-5,-5.0,8.0501
S0095,S0095_snr_-5dB_siren.wav,male_0035.wav,siren,-5,-5.0,10.24
S0097,S0097_snr_-5dB_gunshot.wav,male_0399.wav,gunshot,-5,-5.0,5.1123
S0098,S0098_snr_-5dB_gunshot.wav,male_0608.wav,gunshot,-5,-5.0,6.3914
S0099,S0099_snr_-5dB_gunshot.wav,male_0299.wav,gunshot,-5,-5.0,6.8691
S0100,S0100_snr_-5dB_gunshot.wav,male_0849.wav,gunshot,-5,-5.0,3.6601
S0101,S0101_snr_-5dB_gunshot.wav,male_0669.wav,gunshot,-5,-5.0,4.0
S0102,S0102_snr_-5dB_gunshot.wav,male_0283.wav,gunshot,-5,-5.0,5.93
S0103,S0103_snr_-5dB_gunshot.wav,male_0940.wav,gunshot,-5,-5.0,4.1998
S0104,S0104_snr_-5dB_gunshot.wav,male_0945.wav,gunshot,-5,-5.0,24.066
S0105,S0105_snr_-5dB_gunshot.wav,male_0607.wav,gunshot,-5,-5.0,9.2569
S0106,S0106_snr_-5dB_gunshot.wav,male_0960.wav,gunshot,-5,-5.0,6.1996
S0107,S0107_snr_-5dB_gunshot.wav,male_0935.wav,gunshot,-5,-5.0,3.4222
S0108,S0108_snr_-5dB_gunshot.wav,male_0732.wav,gunshot,-5,-5.0,12.0864
S0109,S0109_snr_-5dB_gunshot.wav,male_0288.wav,gunshot,-5,-5.0,8.8109
S0110,S0110_snr_-5dB_gunshot.wav,male_0528.wav,gunshot,-5,-5.0,12.16
S0111,S0111_snr_-5dB_gunshot.wav,male_0808.wav,gunshot,-5,-5.0,4.1143
S0113,S0113_snr_-5dB_gunshot.wav,male_0437.wav,gunshot,-5,-5.0,5.0201
S0114,S0114_snr_-5dB_gunshot.wav,male_0029.wav,gunshot,-5,-5.0,4.4671
S0115,S0115_snr_-5dB_gunshot.wav,male_0375.wav,gunshot,-5,-5.0,6.6292
S0116,S0116_snr_-5dB_gunshot.wav,male_0820.wav,gunshot,-5,-5.0,13.2593
S0117,S0117_snr_-5dB_gunshot.wav,male_0317.wav,gunshot,-5,-5.0,3.2433
S0119,S0119_snr_-5dB_gunshot.wav,male_0242.wav,gunshot,-5,-5.0,5.5734
S0120,S0120_snr_-5dB_gunshot.wav,male_0150.wav,gunshot,-5,-5.0,5.6326
S0122,S0122_snr_-5dB_helicopter.wav,male_0418.wav,helicopter,-5,-5.0,6.2366
S0123,S0123_snr_-5dB_helicopter.wav,male_0661.wav,helicopter,-5,-5.0,3.022
S0124,S0124_snr_-5dB_helicopter.wav,male_0199.wav,helicopter,-5,-5.0,7.1262
S0125,S0125_snr_-5dB_helicopter.wav,male_0586.wav,helicopter,-5,-5.0,8.826
S0126,S0126_snr_-5dB_helicopter.wav,male_0326.wav,helicopter,-5,-5.0,22.0307
S0127,S0127_snr_-5dB_helicopter.wav,male_0824.wav,helicopter,-5,-5.0,3.0997
S0131,S0131_snr_-5dB_helicopter.wav,male_0865.wav,helicopter,-5,-5.0,5.6283
S0132,S0132_snr_-5dB_helicopter.wav,male_0837.wav,helicopter,-5,-5.0,11.9
S0133,S0133_snr_-5dB_helicopter.wav,male_0878.wav,helicopter,-5,-5.0,4.2407
S0134,S0134_snr_-5dB_helicopter.wav,male_0360.wav,helicopter,-5,-5.0,3.9758
S0135,S0135_snr_-5dB_helicopter.wav,male_0595.wav,helicopter,-5,-5.0,7.047
S0136,S0136_snr_-5dB_helicopter.wav,male_0789.wav,helicopter,-5,-5.0,3.0579
S0137,S0137_snr_-5dB_helicopter.wav,male_0189.wav,helicopter,-5,-5.0,11.4507
S0139,S0139_snr_-5dB_helicopter.wav,male_0356.wav,helicopter,-5,-5.0,6.36
S0140,S0140_snr_-5dB_helicopter.wav,male_0800.wav,helicopter,-5,-5.0,3.3775
S0141,S0141_snr_-5dB_helicopter.wav,male_0903.wav,helicopter,-5,-5.0,12.1812
S0142,S0142_snr_-5dB_helicopter.wav,male_0921.wav,helicopter,-5,-5.0,7.9532
S0143,S0143_snr_-5dB_helicopter.wav,male_0943.wav,helicopter,-5,-5.0,5.5472
S0144,S0144_snr_-5dB_helicopter.wav,male_0331.wav,helicopter,-5,-5.0,3.4702
S0145,S0145_snr_-5dB_wind.wav,male_0728.wav,wind,-5,-5.0,5.4938
S0146,S0146_snr_-5dB_wind.wav,male_0397.wav,wind,-5,-5.0,8.7744
S0147,S0147_snr_-5dB_wind.wav,male_0464.wav,wind,-5,-5.0,5.5508
S0148,S0148_snr_-5dB_wind.wav,male_0394.wav,wind,-5,-5.0,6.4866
S0149,S0149_snr_-5dB_wind.wav,male_0312.wav,wind,-5,-5.0,13.7076
S0150,S0150_snr_-5dB_wind.wav,male_0681.wav,wind,-5,-5.0,3.2169
S0152,S0152_snr_-5dB_wind.wav,male_0922.wav,wind,-5,-5.0,3.8096
S0153,S0153_snr_-5dB_wind.wav,male_0462.wav,wind,-5,-5.0,5.0102
S0154,S0154_snr_-5dB_wind.wav,male_0523.wav,wind,-5,-5.0,3.4859
S0155,S0155_snr_-5dB_wind.wav,male_0632.wav,wind,-5,-5.0,4.5706
S0156,S0156_snr_-5dB_wind.wav,male_0491.wav,wind,-5,-5.0,3.9697
S0158,S0158_snr_-5dB_wind.wav,male_0257.wav,wind,-5,-5.0,6.0
S0159,S0159_snr_-5dB_wind.wav,male_0694.wav,wind,-5,-5.0,9.3896
S0160,S0160_snr_-5dB_wind.wav,male_0741.wav,wind,-5,-5.0,8.4946
S0161,S0161_snr_-5dB_wind.wav,male_0578.wav,wind,-5,-5.0,3.9466
S0162,S0162_snr_-5dB_wind.wav,male_0158.wav,wind,-5,-5.0,16.3171
S0163,S0163_snr_-5dB_wind.wav,male_0613.wav,wind,-5,-5.0,7.0801
S0165,S0165_snr_-5dB_wind.wav,male_0970.wav,wind,-5,-5.0,8.5207
S0166,S0166_snr_-5dB_wind.wav,male_0689.wav,wind,-5,-5.0,7.2272
S0167,S0167_snr_-5dB_wind.wav,male_0362.wav,wind,-5,-5.0,5.6658
S0168,S0168_snr_0dB_armored_vehicle.wav,male_0817.wav,armored_vehicle,0,0.0,9.1506
S0169,S0169_snr_0dB_armored_vehicle.wav,male_0402.wav,armored_vehicle,0,0.0,23.2589
S0170,S0170_snr_0dB_armored_vehicle.wav,male_0093.wav,armored_vehicle,0,0.0,3.9748
S0171,S0171_snr_0dB_armored_vehicle.wav,male_0918.wav,armored_vehicle,0,0.0,26.8771
S0172,S0172_snr_0dB_armored_vehicle.wav,male_0490.wav,armored_vehicle,0,0.0,21.0557
S0173,S0173_snr_0dB_armored_vehicle.wav,male_0452.wav,armored_vehicle,0,0.0,4.8756
S0174,S0174_snr_0dB_armored_vehicle.wav,male_0252.wav,armored_vehicle,0,0.0,8.9496
S0175,S0175_snr_0dB_armored_vehicle.wav,male_0654.wav,armored_vehicle,0,0.0,3.9866
S0176,S0176_snr_0dB_armored_vehicle.wav,male_0770.wav,armored_vehicle,0,0.0,3.2701
S0177,S0177_snr_0dB_armored_vehicle.wav,male_0671.wav,armored_vehicle,0,0.0,4.0873
S0178,S0178_snr_0dB_armored_vehicle.wav,male_0130.wav,armored_vehicle,0,0.0,5.5282
S0181,S0181_snr_0dB_armored_vehicle.wav,male_0343.wav,armored_vehicle,0,0.0,5.1093
S0183,S0183_snr_0dB_armored_vehicle.wav,male_0137.wav,armored_vehicle,0,0.0,10.1554
S0184,S0184_snr_0dB_armored_vehicle.wav,male_0089.wav,armored_vehicle,0,0.0,13.0983
S0185,S0185_snr_0dB_armored_vehicle.wav,male_0328.wav,armored_vehicle,0,0.0,6.4833
S0186,S0186_snr_0dB_armored_vehicle.wav,male_0476.wav,armored_vehicle,0,0.0,6.6856
S0187,S0187_snr_0dB_armored_vehicle.wav,male_0982.wav,armored_vehicle,0,0.0,6.4781
S0188,S0188_snr_0dB_armored_vehicle.wav,male_0851.wav,armored_vehicle,0,-0.0,6.5409
S0189,S0189_snr_0dB_armored_vehicle.wav,male_0893.wav,armored_vehicle,0,0.0,6.703
S0191,S0191_snr_0dB_armored_vehicle.wav,male_0179.wav,armored_vehicle,0,0.0,12.24
S0192,S0192_snr_0dB_artillery.wav,male_0027.wav,artillery,0,0.0,3.0443
S0193,S0193_snr_0dB_artillery.wav,male_0350.wav,artillery,0,0.0,3.332
S0195,S0195_snr_0dB_artillery.wav,male_0475.wav,artillery,0,-0.0,3.3582
S0196,S0196_snr_0dB_artillery.wav,male_0618.wav,artillery,0,0.0,4.366
S0197,S0197_snr_0dB_artillery.wav,male_0698.wav,artillery,0,0.0,3.6334
S0198,S0198_snr_0dB_artillery.wav,male_0051.wav,artillery,0,0.0,19.0829
S0199,S0199_snr_0dB_artillery.wav,male_0212.wav,artillery,0,0.0,6.8786
S0200,S0200_snr_0dB_artillery.wav,male_0382.wav,artillery,0,0.0,3.5383
S0203,S0203_snr_0dB_artillery.wav,male_0148.wav,artillery,0,0.0,11.7684
S0205,S0205_snr_0dB_artillery.wav,male_0962.wav,artillery,0,0.0,4.7949
S0206,S0206_snr_0dB_artillery.wav,male_0149.wav,artillery,0,0.0,12.5435
S0207,S0207_snr_0dB_artillery.wav,male_0976.wav,artillery,0,0.0,12.5986
S0208,S0208_snr_0dB_artillery.wav,male_0080.wav,artillery,0,0.0,3.6912
S0211,S0211_snr_0dB_artillery.wav,male_0996.wav,artillery,0,0.0,6.0819
S0212,S0212_snr_0dB_artillery.wav,male_0526.wav,artillery,0,0.0,9.9834
S0213,S0213_snr_0dB_artillery.wav,male_0775.wav,artillery,0,0.0,8.0784
S0215,S0215_snr_0dB_artillery.wav,male_0626.wav,artillery,0,0.0,10.9278
S0216,S0216_snr_0dB_drone.wav,male_0801.wav,drone,0,0.0,4.5997
S0219,S0219_snr_0dB_drone.wav,male_0841.wav,drone,0,-0.0,3.4298
S0220,S0220_snr_0dB_drone.wav,male_0495.wav,drone,0,-0.0,6.2149
S0221,S0221_snr_0dB_drone.wav,male_0120.wav,drone,0,0.0,6.6247
S0222,S0222_snr_0dB_drone.wav,male_0478.wav,drone,0,0.0,5.68
S0223,S0223_snr_0dB_drone.wav,male_0145.wav,drone,0,0.0,8.56
S0224,S0224_snr_0dB_drone.wav,male_0030.wav,drone,0,0.0,4.6696
S0226,S0226_snr_0dB_drone.wav,male_0122.wav,drone,0,0.0,4.7784
S0227,S0227_snr_0dB_drone.wav,male_0606.wav,drone,0,0.0,4.91
S0228,S0228_snr_0dB_drone.wav,male_0062.wav,drone,0,0.0,7.3252
S0229,S0229_snr_0dB_drone.wav,male_0872.wav,drone,0,0.0,4.8988
S0230,S0230_snr_0dB_drone.wav,male_0573.wav,drone,0,0.0,4.72
S0231,S0231_snr_0dB_drone.wav,male_0006.wav,drone,0,-0.0,6.4688
S0232,S0232_snr_0dB_drone.wav,male_0927.wav,drone,0,0.0,7.7004
S0233,S0233_snr_0dB_drone.wav,male_0640.wav,drone,0,-0.0,3.3201
S0235,S0235_snr_0dB_drone.wav,male_0730.wav,drone,0,0.0,3.9488
S0236,S0236_snr_0dB_drone.wav,male_0194.wav,drone,0,0.0,4.2245
S0237,S0237_snr_0dB_drone.wav,male_0753.wav,drone,0,0.0,6.575
S0238,S0238_snr_0dB_drone.wav,male_0627.wav,drone,0,0.0,6.4592
S0239,S0239_snr_0dB_drone.wav,male_0572.wav,drone,0,-0.0,27.0326
S0240,S0240_snr_0dB_siren.wav,male_0018.wav,siren,0,0.0,8.2081
S0241,S0241_snr_0dB_siren.wav,male_0743.wav,siren,0,0.0,7.6506
S0243,S0243_snr_0dB_siren.wav,male_0511.wav,siren,0,0.0,14.0422
S0244,S0244_snr_0dB_siren.wav,male_0574.wav,siren,0,0.0,4.3691
S0245,S0245_snr_0dB_siren.wav,male_0139.wav,siren,0,0.0,4.6601
S0246,S0246_snr_0dB_siren.wav,male_0192.wav,siren,0,0.0,8.4498
S0248,S0248_snr_0dB_siren.wav,male_0444.wav,siren,0,0.0,5.0001
S0250,S0250_snr_0dB_siren.wav,male_0214.wav,siren,0,0.0,5.4944
S0251,S0251_snr_0dB_siren.wav,male_0065.wav,siren,0,0.0,3.92
S0252,S0252_snr_0dB_siren.wav,male_0412.wav,siren,0,0.0,5.76
S0253,S0253_snr_0dB_siren.wav,male_0302.wav,siren,0,0.0,7.7511
S0254,S0254_snr_0dB_siren.wav,male_0334.wav,siren,0,0.0,10.7021
S0256,S0256_snr_0dB_siren.wav,male_0665.wav,siren,0,0.0,7.3943
S0257,S0257_snr_0dB_siren.wav,male_0263.wav,siren,0,0.0,7.9702
S0258,S0258_snr_0dB_siren.wav,male_0648.wav,siren,0,0.0,6.9271
S0259,S0259_snr_0dB_siren.wav,male_0811.wav,siren,0,-0.0,9.16
S0260,S0260_snr_0dB_siren.wav,male_0233.wav,siren,0,0.0,9.0934
S0261,S0261_snr_0dB_siren.wav,male_0796.wav,siren,0,0.0,8.1628
S0262,S0262_snr_0dB_siren.wav,male_0682.wav,siren,0,0.0,9.0902
S0264,S0264_snr_0dB_gunshot.wav,male_0483.wav,gunshot,0,-0.0,3.24
S0265,S0265_snr_0dB_gunshot.wav,male_0361.wav,gunshot,0,0.0,6.0
S0266,S0266_snr_0dB_gunshot.wav,male_0839.wav,gunshot,0,0.0,4.1896
S0267,S0267_snr_0dB_gunshot.wav,male_0237.wav,gunshot,0,-0.0,4.5119
S0268,S0268_snr_0dB_gunshot.wav,male_0628.wav,gunshot,0,0.0,11.1086
S0270,S0270_snr_0dB_gunshot.wav,male_0583.wav,gunshot,0,0.0,12.0914
S0271,S0271_snr_0dB_gunshot.wav,male_0273.wav,gunshot,0,0.0,3.7827
S0272,S0272_snr_0dB_gunshot.wav,male_0202.wav,gunshot,0,0.0,22.2771
S0274,S0274_snr_0dB_gunshot.wav,male_0428.wav,gunshot,0,0.0,3.0621
S0275,S0275_snr_0dB_gunshot.wav,male_0240.wav,gunshot,0,-0.0,3.9103
S0276,S0276_snr_0dB_gunshot.wav,male_0085.wav,gunshot,0,0.0,9.08
S0282,S0282_snr_0dB_gunshot.wav,male_0684.wav,gunshot,0,0.0,5.2574
S0283,S0283_snr_0dB_gunshot.wav,male_0319.wav,gunshot,0,0.0,7.549
S0285,S0285_snr_0dB_gunshot.wav,male_0250.wav,gunshot,0,-0.0,5.9387
S0286,S0286_snr_0dB_gunshot.wav,male_0847.wav,gunshot,0,0.0,4.98
S0287,S0287_snr_0dB_gunshot.wav,male_0280.wav,gunshot,0,0.0,12.4214
S0288,S0288_snr_0dB_helicopter.wav,male_0456.wav,helicopter,0,0.0,12.1685
S0289,S0289_snr_0dB_helicopter.wav,male_0902.wav,helicopter,0,0.0,3.4991
S0290,S0290_snr_0dB_helicopter.wav,male_0762.wav,helicopter,0,-0.0,4.4002
S0292,S0292_snr_0dB_helicopter.wav,male_0181.wav,helicopter,0,0.0,4.5106
S0293,S0293_snr_0dB_helicopter.wav,male_0558.wav,helicopter,0,0.0,6.0723
S0294,S0294_snr_0dB_helicopter.wav,male_0629.wav,helicopter,0,0.0,10.4478
S0297,S0297_snr_0dB_helicopter.wav,male_0011.wav,helicopter,0,0.0,3.1555
S0298,S0298_snr_0dB_helicopter.wav,male_0200.wav,helicopter,0,0.0,4.96
S0299,S0299_snr_0dB_helicopter.wav,male_0426.wav,helicopter,0,-0.0,3.4185
S0300,S0300_snr_0dB_helicopter.wav,male_0535.wav,helicopter,0,0.0,4.3295
S0301,S0301_snr_0dB_helicopter.wav,male_0032.wav,helicopter,0,-0.0,4.1275
S0302,S0302_snr_0dB_helicopter.wav,male_0580.wav,helicopter,0,0.0,13.7635
S0303,S0303_snr_0dB_helicopter.wav,male_0405.wav,helicopter,0,0.0,6.28
S0304,S0304_snr_0dB_helicopter.wav,male_0278.wav,helicopter,0,0.0,4.9016
S0306,S0306_snr_0dB_helicopter.wav,male_0772.wav,helicopter,0,0.0,6.528
S0307,S0307_snr_0dB_helicopter.wav,male_0373.wav,helicopter,0,-0.0,3.6998
S0308,S0308_snr_0dB_helicopter.wav,male_0723.wav,helicopter,0,0.0,3.7369
S0309,S0309_snr_0dB_helicopter.wav,male_0401.wav,helicopter,0,0.0,4.48
S0310,S0310_snr_0dB_helicopter.wav,male_0079.wav,helicopter,0,0.0,7.2998
S0311,S0311_snr_0dB_helicopter.wav,male_0538.wav,helicopter,0,0.0,10.7517
S0312,S0312_snr_0dB_wind.wav,male_0576.wav,wind,0,-0.0,3.7739
S0313,S0313_snr_0dB_wind.wav,male_0549.wav,wind,0,0.0,4.4017
S0315,S0315_snr_0dB_wind.wav,male_0042.wav,wind,0,0.0,13.0003
S0316,S0316_snr_0dB_wind.wav,male_0886.wav,wind,0,0.0,14.2086
S0318,S0318_snr_0dB_wind.wav,male_0859.wav,wind,0,-0.0,13.4344
S0319,S0319_snr_0dB_wind.wav,male_0140.wav,wind,0,0.0,6.0452
S0320,S0320_snr_0dB_wind.wav,male_0386.wav,wind,0,0.0,9.8714
S0321,S0321_snr_0dB_wind.wav,male_0457.wav,wind,0,-0.0,3.2181
S0322,S0322_snr_0dB_wind.wav,male_0933.wav,wind,0,0.0,7.7158
S0323,S0323_snr_0dB_wind.wav,male_0814.wav,wind,0,0.0,4.326
S0325,S0325_snr_0dB_wind.wav,male_0625.wav,wind,0,0.0,9.5331
S0327,S0327_snr_0dB_wind.wav,male_0709.wav,wind,0,0.0,9.8666
S0328,S0328_snr_0dB_wind.wav,male_0458.wav,wind,0,0.0,6.4656
S0329,S0329_snr_0dB_wind.wav,male_0874.wav,wind,0,0.0,6.4172
S0330,S0330_snr_0dB_wind.wav,male_0327.wav,wind,0,0.0,6.8011
S0333,S0333_snr_0dB_wind.wav,male_0818.wav,wind,0,-0.0,7.5996
S0334,S0334_snr_0dB_wind.wav,male_0398.wav,wind,0,0.0,6.7659
S0335,S0335_snr_5dB_armored_vehicle.wav,male_0916.wav,armored_vehicle,5,5.0,4.1932
S0336,S0336_snr_5dB_armored_vehicle.wav,male_0994.wav,armored_vehicle,5,5.0,6.7378
S0337,S0337_snr_5dB_armored_vehicle.wav,male_0416.wav,armored_vehicle,5,5.0,5.2201
S0338,S0338_snr_5dB_armored_vehicle.wav,male_0596.wav,armored_vehicle,5,5.0,6.2326
S0341,S0341_snr_5dB_armored_vehicle.wav,male_0410.wav,armored_vehicle,5,5.0,8.2
S0343,S0343_snr_5dB_armored_vehicle.wav,male_0305.wav,armored_vehicle,5,5.0,10.1552
S0344,S0344_snr_5dB_armored_vehicle.wav,male_0287.wav,armored_vehicle,5,5.0,6.0522
S0345,S0345_snr_5dB_armored_vehicle.wav,male_0645.wav,armored_vehicle,5,5.0,5.2942
S0346,S0346_snr_5dB_armored_vehicle.wav,male_0636.wav,armored_vehicle,5,5.0,9.12
S0347,S0347_snr_5dB_armored_vehicle.wav,male_0354.wav,armored_vehicle,5,5.0,7.25
S0348,S0348_snr_5dB_armored_vehicle.wav,male_0069.wav,armored_vehicle,5,5.0,4.0262
S0350,S0350_snr_5dB_armored_vehicle.wav,male_0834.wav,armored_vehicle,5,5.0,7.3785
S0351,S0351_snr_5dB_armored_vehicle.wav,male_0936.wav,armored_vehicle,5,5.0,9.4785
S0352,S0352_snr_5dB_armored_vehicle.wav,male_0680.wav,armored_vehicle,5,5.0,6.2015
S0353,S0353_snr_5dB_armored_vehicle.wav,male_0720.wav,armored_vehicle,5,5.0,3.9302
S0354,S0354_snr_5dB_armored_vehicle.wav,male_0238.wav,armored_vehicle,5,5.0,4.7264
S0355,S0355_snr_5dB_armored_vehicle.wav,male_0266.wav,armored_vehicle,5,5.0,3.134
S0357,S0357_snr_5dB_armored_vehicle.wav,male_0836.wav,armored_vehicle,5,5.0,8.1401
S0358,S0358_snr_5dB_armored_vehicle.wav,male_0863.wav,armored_vehicle,5,5.0,4.4862
S0359,S0359_snr_5dB_artillery.wav,male_0055.wav,artillery,5,5.0,4.9204
S0360,S0360_snr_5dB_artillery.wav,male_0658.wav,artillery,5,5.0,7.6595
S0361,S0361_snr_5dB_artillery.wav,male_0944.wav,artillery,5,5.0,3.0411
S0362,S0362_snr_5dB_artillery.wav,male_0407.wav,artillery,5,5.0,4.3511
S0363,S0363_snr_5dB_artillery.wav,male_0381.wav,artillery,5,5.0,8.4
S0364,S0364_snr_5dB_artillery.wav,male_0125.wav,artillery,5,5.0,3.8802
S0365,S0365_snr_5dB_artillery.wav,male_0492.wav,artillery,5,5.0,5.0884
S0366,S0366_snr_5dB_artillery.wav,male_0803.wav,artillery,5,5.0,7.96
S0367,S0367_snr_5dB_artillery.wav,male_0901.wav,artillery,5,5.0,4.7614
S0371,S0371_snr_5dB_artillery.wav,male_0295.wav,artillery,5,5.0,6.2536
S0372,S0372_snr_5dB_artillery.wav,male_0879.wav,artillery,5,5.0,3.6133
S0374,S0374_snr_5dB_artillery.wav,male_0919.wav,artillery,5,5.0,4.6871
S0375,S0375_snr_5dB_artillery.wav,male_0038.wav,artillery,5,5.0,4.5136
S0376,S0376_snr_5dB_artillery.wav,male_0861.wav,artillery,5,5.0,3.8904
S0378,S0378_snr_5dB_artillery.wav,male_0126.wav,artillery,5,5.0,8.36
S0379,S0379_snr_5dB_artillery.wav,male_0024.wav,artillery,5,5.0,6.2549
S0380,S0380_snr_5dB_artillery.wav,male_0840.wav,artillery,5,5.0,5.2592
S0381,S0381_snr_5dB_artillery.wav,male_0977.wav,artillery,5,5.0,3.0998
S0382,S0382_snr_5dB_artillery.wav,male_0102.wav,artillery,5,5.0,5.1242
S0383,S0383_snr_5dB_drone.wav,male_0116.wav,drone,5,5.0,7.0278
S0384,S0384_snr_5dB_drone.wav,male_0436.wav,drone,5,5.0,9.1332
S0385,S0385_snr_5dB_drone.wav,male_0951.wav,drone,5,5.0,7.1039
S0388,S0388_snr_5dB_drone.wav,male_0048.wav,drone,5,5.0,11.9501
S0390,S0390_snr_5dB_drone.wav,male_0318.wav,drone,5,5.0,7.6201
S0391,S0391_snr_5dB_drone.wav,male_0325.wav,drone,5,5.0,10.9804
S0392,S0392_snr_5dB_drone.wav,male_0881.wav,drone,5,5.0,8.5984
S0393,S0393_snr_5dB_drone.wav,male_0264.wav,drone,5,5.0,14.5098
S0394,S0394_snr_5dB_drone.wav,male_0146.wav,drone,5,5.0,10.0044
S0395,S0395_snr_5dB_drone.wav,male_0044.wav,drone,5,5.0,7.9524
S0396,S0396_snr_5dB_drone.wav,male_0505.wav,drone,5,5.0,3.9354
S0397,S0397_snr_5dB_drone.wav,male_0087.wav,drone,5,5.0,5.9824
S0398,S0398_snr_5dB_drone.wav,male_0377.wav,drone,5,5.0,4.4409
S0399,S0399_snr_5dB_drone.wav,male_0531.wav,drone,5,5.0,13.386
S0400,S0400_snr_5dB_drone.wav,male_0985.wav,drone,5,5.0,4.8502
S0401,S0401_snr_5dB_drone.wav,male_0852.wav,drone,5,5.0,6.32
S0403,S0403_snr_5dB_drone.wav,male_0404.wav,drone,5,5.0,8.1401
S0404,S0404_snr_5dB_drone.wav,male_0227.wav,drone,5,5.0,5.3902
S0405,S0405_snr_5dB_drone.wav,male_0988.wav,drone,5,5.0,6.2828
S0407,S0407_snr_5dB_siren.wav,male_0336.wav,siren,5,5.0,6.2667
S0408,S0408_snr_5dB_siren.wav,male_0601.wav,siren,5,5.0,9.0753
S0409,S0409_snr_5dB_siren.wav,male_0917.wav,siren,5,5.0,8.52
S0410,S0410_snr_5dB_siren.wav,male_0473.wav,siren,5,5.0,3.2519
S0411,S0411_snr_5dB_siren.wav,male_0448.wav,siren,5,5.0,5.9204
S0414,S0414_snr_5dB_siren.wav,male_0156.wav,siren,5,5.0,6.0001
S0415,S0415_snr_5dB_siren.wav,male_0459.wav,siren,5,5.0,3.0333
S0417,S0417_snr_5dB_siren.wav,male_0208.wav,siren,5,5.0,5.22
S0420,S0420_snr_5dB_siren.wav,male_0758.wav,siren,5,5.0,4.0694
S0421,S0421_snr_5dB_siren.wav,male_0986.wav,siren,5,5.0,9.2924
S0422,S0422_snr_5dB_siren.wav,male_0384.wav,siren,5,5.0,5.5762
S0423,S0423_snr_5dB_siren.wav,male_0802.wav,siren,5,5.0,10.5677
S0425,S0425_snr_5dB_siren.wav,male_0807.wav,siren,5,5.0,10.76
S0427,S0427_snr_5dB_siren.wav,male_0504.wav,siren,5,5.0,5.6347
S0428,S0428_snr_5dB_siren.wav,male_0738.wav,siren,5,5.0,3.5426
S0429,S0429_snr_5dB_siren.wav,male_0560.wav,siren,5,5.0,6.22
S0430,S0430_snr_5dB_siren.wav,male_0545.wav,siren,5,5.0,18.8292
S0431,S0431_snr_5dB_gunshot.wav,male_0357.wav,gunshot,5,5.0,6.94
S0433,S0433_snr_5dB_gunshot.wav,male_0889.wav,gunshot,5,5.0,10.5314
S0434,S0434_snr_5dB_gunshot.wav,male_0612.wav,gunshot,5,5.0,9.36
S0436,S0436_snr_5dB_gunshot.wav,male_0532.wav,gunshot,5,5.0,6.7445
S0437,S0437_snr_5dB_gunshot.wav,male_0260.wav,gunshot,5,5.0,10.92
S0438,S0438_snr_5dB_gunshot.wav,male_0154.wav,gunshot,5,5.0,12.7933
S0439,S0439_snr_5dB_gunshot.wav,male_0853.wav,gunshot,5,5.0,4.8685
S0440,S0440_snr_5dB_gunshot.wav,male_0064.wav,gunshot,5,5.0,4.6255
S0441,S0441_snr_5dB_gunshot.wav,male_0435.wav,gunshot,5,5.0,6.02
S0442,S0442_snr_5dB_gunshot.wav,male_0340.wav,gunshot,5,5.0,3.9504
S0443,S0443_snr_5dB_gunshot.wav,male_0514.wav,gunshot,5,5.0,4.7352
S0445,S0445_snr_5dB_gunshot.wav,male_0488.wav,gunshot,5,5.0,7.4143
S0446,S0446_snr_5dB_gunshot.wav,male_0525.wav,gunshot,5,5.0,7.1248
S0447,S0447_snr_5dB_gunshot.wav,male_0894.wav,gunshot,5,5.0,8.8003
S0449,S0449_snr_5dB_gunshot.wav,male_0187.wav,gunshot,5,5.0,10.8994
S0450,S0450_snr_5dB_gunshot.wav,male_0674.wav,gunshot,5,5.0,3.28
S0451,S0451_snr_5dB_gunshot.wav,male_0344.wav,gunshot,5,5.0,9.5668
S0452,S0452_snr_5dB_gunshot.wav,male_0378.wav,gunshot,5,5.0,7.8367
S0453,S0453_snr_5dB_gunshot.wav,male_0904.wav,gunshot,5,5.0,3.9497
S0454,S0454_snr_5dB_gunshot.wav,male_0369.wav,gunshot,5,inf,5.8937
S0455,S0455_snr_5dB_helicopter.wav,male_0569.wav,helicopter,5,5.0,20.6584
S0456,S0456_snr_5dB_helicopter.wav,male_0276.wav,helicopter,5,5.0,10.1199
S0457,S0457_snr_5dB_helicopter.wav,male_0691.wav,helicopter,5,5.0,4.9012
S0458,S0458_snr_5dB_helicopter.wav,male_0267.wav,helicopter,5,5.0,5.9773
S0460,S0460_snr_5dB_helicopter.wav,male_0938.wav,helicopter,5,5.0,4.84
S0461,S0461_snr_5dB_helicopter.wav,male_0534.wav,helicopter,5,5.0,16.8266
S0463,S0463_snr_5dB_helicopter.wav,male_0543.wav,helicopter,5,5.0,5.7162
S0464,S0464_snr_5dB_helicopter.wav,male_0098.wav,helicopter,5,5.0,3.56
S0465,S0465_snr_5dB_helicopter.wav,male_0296.wav,helicopter,5,5.0,6.0167
S0466,S0466_snr_5dB_helicopter.wav,male_0461.wav,helicopter,5,5.0,5.0975
S0467,S0467_snr_5dB_helicopter.wav,male_0198.wav,helicopter,5,5.0,9.6376
S0468,S0468_snr_5dB_helicopter.wav,male_0708.wav,helicopter,5,5.0,3.4897
S0470,S0470_snr_5dB_helicopter.wav,male_0311.wav,helicopter,5,5.0,9.5593
S0471,S0471_snr_5dB_helicopter.wav,male_0980.wav,helicopter,5,5.0,6.4229
S0472,S0472_snr_5dB_helicopter.wav,male_0161.wav,helicopter,5,5.0,9.2266
S0473,S0473_snr_5dB_helicopter.wav,male_0403.wav,helicopter,5,5.0,8.6732
S0474,S0474_snr_5dB_helicopter.wav,male_0540.wav,helicopter,5,5.0,4.8594
S0475,S0475_snr_5dB_helicopter.wav,male_0177.wav,helicopter,5,5.0,4.2651
S0476,S0476_snr_5dB_helicopter.wav,male_0727.wav,helicopter,5,5.0,4.4203
S0477,S0477_snr_5dB_helicopter.wav,male_0794.wav,helicopter,5,5.0,3.1371
S0478,S0478_snr_5dB_helicopter.wav,male_0819.wav,helicopter,5,5.0,6.7437
S0479,S0479_snr_5dB_wind.wav,male_0779.wav,wind,5,5.0,5.2266
S0480,S0480_snr_5dB_wind.wav,male_0757.wav,wind,5,5.0,3.8307
S0483,S0483_snr_5dB_wind.wav,male_0930.wav,wind,5,5.0,6.6323
S0484,S0484_snr_5dB_wind.wav,male_0450.wav,wind,5,5.0,9.84
S0487,S0487_snr_5dB_wind.wav,male_0481.wav,wind,5,5.0,20.2
S0488,S0488_snr_5dB_wind.wav,male_0997.wav,wind,5,5.0,4.9039
S0489,S0489_snr_5dB_wind.wav,male_0869.wav,wind,5,5.0,3.9878
S0490,S0490_snr_5dB_wind.wav,male_0432.wav,wind,5,5.0,9.36
S0491,S0491_snr_5dB_wind.wav,male_0696.wav,wind,5,5.0,10.5761
S0492,S0492_snr_5dB_wind.wav,male_0503.wav,wind,5,5.0,3.0014
S0493,S0493_snr_5dB_wind.wav,male_0261.wav,wind,5,5.0,21.18
S0494,S0494_snr_5dB_wind.wav,male_0329.wav,wind,5,5.0,3.3241
S0495,S0495_snr_5dB_wind.wav,male_0180.wav,wind,5,5.0,6.3664
S0496,S0496_snr_5dB_wind.wav,male_0565.wav,wind,5,5.0,10.2379
S0497,S0497_snr_5dB_wind.wav,male_0396.wav,wind,5,5.0,4.8019
S0498,S0498_snr_5dB_wind.wav,male_0496.wav,wind,5,5.0,4.0504
S0499,S0499_snr_5dB_wind.wav,male_0036.wav,wind,5,5.0,7.3226
S0500,S0500_snr_5dB_wind.wav,male_0443.wav,wind,5,5.0,4.4675
S0501,S0501_snr_5dB_wind.wav,male_0928.wav,wind,5,5.0,8.0001
S0502,S0502_snr_10dB_armored_vehicle.wav,male_0660.wav,armored_vehicle,10,10.0,3.36
S0503,S0503_snr_10dB_armored_vehicle.wav,male_0637.wav,armored_vehicle,10,10.0,5.1201
S0504,S0504_snr_10dB_armored_vehicle.wav,male_0099.wav,armored_vehicle,10,10.0,3.3538
S0505,S0505_snr_10dB_armored_vehicle.wav,male_0338.wav,armored_vehicle,10,10.0,5.3666
S0506,S0506_snr_10dB_armored_vehicle.wav,male_0013.wav,armored_vehicle,10,10.0,8.6088
S0507,S0507_snr_10dB_armored_vehicle.wav,male_0685.wav,armored_vehicle,10,10.0,3.6943
S0509,S0509_snr_10dB_armored_vehicle.wav,male_0447.wav,armored_vehicle,10,10.0,4.2651
S0510,S0510_snr_10dB_armored_vehicle.wav,male_0408.wav,armored_vehicle,10,10.0,3.9486
S0511,S0511_snr_10dB_armored_vehicle.wav,male_0816.wav,armored_vehicle,10,10.0,13.24
S0512,S0512_snr_10dB_armored_vehicle.wav,male_0313.wav,armored_vehicle,10,10.0,5.3
S0513,S0513_snr_10dB_armored_vehicle.wav,male_0359.wav,armored_vehicle,10,10.0,5.5026
S0514,S0514_snr_10dB_armored_vehicle.wav,male_0472.wav,armored_vehicle,10,10.0,3.2401
S0516,S0516_snr_10dB_armored_vehicle.wav,male_0228.wav,armored_vehicle,10,10.0,4.8528
S0517,S0517_snr_10dB_armored_vehicle.wav,male_0482.wav,armored_vehicle,10,10.0,3.8622
S0518,S0518_snr_10dB_armored_vehicle.wav,male_0040.wav,armored_vehicle,10,10.0,6.8066
S0519,S0519_snr_10dB_armored_vehicle.wav,male_0392.wav,armored_vehicle,10,10.0,7.466
S0521,S0521_snr_10dB_armored_vehicle.wav,male_0833.wav,armored_vehicle,10,10.0,6.3609
S0522,S0522_snr_10dB_armored_vehicle.wav,male_0813.wav,armored_vehicle,10,10.0,3.2656
S0524,S0524_snr_10dB_armored_vehicle.wav,male_0422.wav,armored_vehicle,10,10.0,3.1046
S0526,S0526_snr_10dB_artillery.wav,male_0184.wav,artillery,10,10.0,4.7849
S0527,S0527_snr_10dB_artillery.wav,male_0998.wav,artillery,10,10.0,4.7939
S0528,S0528_snr_10dB_artillery.wav,male_0423.wav,artillery,10,10.0,5.7752
S0530,S0530_snr_10dB_artillery.wav,male_0905.wav,artillery,10,10.0,3.6749
S0531,S0531_snr_10dB_artillery.wav,male_0862.wav,artillery,10,10.0,4.9623
S0534,S0534_snr_10dB_artillery.wav,male_0701.wav,artillery,10,10.0,19.3347
S0536,S0536_snr_10dB_artillery.wav,male_0920.wav,artillery,10,10.0,15.8904
S0537,S0537_snr_10dB_artillery.wav,male_0652.wav,artillery,10,10.0,6.16
S0539,S0539_snr_10dB_artillery.wav,male_0620.wav,artillery,10,10.0,5.061
S0540,S0540_snr_10dB_artillery.wav,male_0906.wav,artillery,10,10.0,3.7954
S0541,S0541_snr_10dB_artillery.wav,male_0316.wav,artillery,10,10.0,6.8786
S0542,S0542_snr_10dB_artillery.wav,male_0043.wav,artillery,10,10.0,3.149
S0543,S0543_snr_10dB_artillery.wav,male_0131.wav,artillery,10,10.0,9.0183
S0544,S0544_snr_10dB_artillery.wav,male_0441.wav,artillery,10,10.0,4.881
S0545,S0545_snr_10dB_artillery.wav,male_0152.wav,artillery,10,10.0,9.1314
S0546,S0546_snr_10dB_artillery.wav,male_0589.wav,artillery,10,10.0,4.4095
S0547,S0547_snr_10dB_artillery.wav,male_0037.wav,artillery,10,10.0,5.2752
S0548,S0548_snr_10dB_artillery.wav,male_0153.wav,artillery,10,10.0,8.5765
S0549,S0549_snr_10dB_artillery.wav,male_0677.wav,artillery,10,10.0,8.8629
S0550,S0550_snr_10dB_drone.wav,male_0961.wav,drone,10,10.0,6.2423
S0551,S0551_snr_10dB_drone.wav,male_0602.wav,drone,10,10.0,7.8527
S0552,S0552_snr_10dB_drone.wav,male_0438.wav,drone,10,10.0,12.9711
S0553,S0553_snr_10dB_drone.wav,male_0453.wav,drone,10,10.0,3.3666
S0554,S0554_snr_10dB_drone.wav,male_0786.wav,drone,10,10.0,3.9746
S0555,S0555_snr_10dB_drone.wav,male_0269.wav,drone,10,10.0,6.9911
S0556,S0556_snr_10dB_drone.wav,male_0134.wav,drone,10,10.0,27.0051
S0557,S0557_snr_10dB_drone.wav,male_0342.wav,drone,10,10.0,5.2561
S0559,S0559_snr_10dB_drone.wav,male_0046.wav,drone,10,10.0,7.2456
S0560,S0560_snr_10dB_drone.wav,male_0284.wav,drone,10,10.0,5.9299
S0561,S0561_snr_10dB_drone.wav,male_0653.wav,drone,10,10.0,5.0474
S0563,S0563_snr_10dB_drone.wav,male_0053.wav,drone,10,10.0,3.5497
S0564,S0564_snr_10dB_drone.wav,male_0822.wav,drone,10,10.0,8.4454
S0566,S0566_snr_10dB_drone.wav,male_0978.wav,drone,10,10.0,3.5847
S0567,S0567_snr_10dB_drone.wav,male_0600.wav,drone,10,10.0,7.3659
S0568,S0568_snr_10dB_drone.wav,male_0209.wav,drone,10,10.0,3.7874
S0569,S0569_snr_10dB_drone.wav,male_0352.wav,drone,10,10.0,7.1497
S0570,S0570_snr_10dB_drone.wav,male_0216.wav,drone,10,10.0,8.8991
S0571,S0571_snr_10dB_drone.wav,male_0289.wav,drone,10,10.0,5.0358
S0572,S0572_snr_10dB_drone.wav,male_0279.wav,drone,10,10.0,3.5551
S0574,S0574_snr_10dB_siren.wav,male_0821.wav,siren,10,10.0,6.7374
S0575,S0575_snr_10dB_siren.wav,male_0110.wav,siren,10,10.0,6.1699
S0577,S0577_snr_10dB_siren.wav,male_0942.wav,siren,10,10.0,5.6482
S0579,S0579_snr_10dB_siren.wav,male_0107.wav,siren,10,10.0,19.2499
S0580,S0580_snr_10dB_siren.wav,male_0307.wav,siren,10,10.0,7.9397
S0582,S0582_snr_10dB_siren.wav,male_0009.wav,siren,10,10.0,7.58
S0583,S0583_snr_10dB_siren.wav,male_0823.wav,siren,10,10.0,18.1187
S0584,S0584_snr_10dB_siren.wav,male_0310.wav,siren,10,10.0,5.0613
S0585,S0585_snr_10dB_siren.wav,male_0557.wav,siren,10,10.0,9.0522
S0586,S0586_snr_10dB_siren.wav,male_0744.wav,siren,10,10.0,5.6268
S0587,S0587_snr_10dB_siren.wav,male_0635.wav,siren,10,10.0,3.7401
S0588,S0588_snr_10dB_siren.wav,male_0292.wav,siren,10,10.0,4.2622
S0589,S0589_snr_10dB_siren.wav,male_0379.wav,siren,10,10.0,6.6
S0590,S0590_snr_10dB_siren.wav,male_0890.wav,siren,10,10.0,3.4323
S0592,S0592_snr_10dB_siren.wav,male_0358.wav,siren,10,10.0,4.8202
S0593,S0593_snr_10dB_siren.wav,male_0713.wav,siren,10,10.0,7.0997
S0595,S0595_snr_10dB_siren.wav,male_0519.wav,siren,10,10.0,10.178
S0596,S0596_snr_10dB_siren.wav,male_0663.wav,siren,10,10.0,10.16
S0597,S0597_snr_10dB_siren.wav,male_0551.wav,siren,10,10.0,8.2464
S0598,S0598_snr_10dB_gunshot.wav,male_0076.wav,gunshot,10,10.0,13.0734
S0599,S0599_snr_10dB_gunshot.wav,male_0103.wav,gunshot,10,10.0,25.0051
S0600,S0600_snr_10dB_gunshot.wav,male_0577.wav,gunshot,10,10.0,27.2639
S0601,S0601_snr_10dB_gunshot.wav,male_0858.wav,gunshot,10,10.0,6.76
S0603,S0603_snr_10dB_gunshot.wav,male_0075.wav,gunshot,10,10.0,4.7603
S0604,S0604_snr_10dB_gunshot.wav,male_0952.wav,gunshot,10,10.0,14.182
S0606,S0606_snr_10dB_gunshot.wav,male_0308.wav,gunshot,10,10.0,7.0
S0608,S0608_snr_10dB_gunshot.wav,male_0860.wav,gunshot,10,10.0,28.0
S0610,S0610_snr_10dB_gunshot.wav,male_0245.wav,gunshot,10,10.0,3.4854
S0612,S0612_snr_10dB_gunshot.wav,male_0210.wav,gunshot,10,10.0,24.7808
S0613,S0613_snr_10dB_gunshot.wav,male_0268.wav,gunshot,10,10.0,3.6795
S0616,S0616_snr_10dB_gunshot.wav,male_0579.wav,gunshot,10,10.0,3.28
S0617,S0617_snr_10dB_gunshot.wav,male_0846.wav,gunshot,10,10.0,8.9026
S0618,S0618_snr_10dB_gunshot.wav,male_0969.wav,gunshot,10,10.0,16.3158
S0619,S0619_snr_10dB_gunshot.wav,male_0084.wav,gunshot,10,10.0,11.1766
S0622,S0622_snr_10dB_helicopter.wav,male_0593.wav,helicopter,10,10.0,4.7975
S0625,S0625_snr_10dB_helicopter.wav,male_0123.wav,helicopter,10,10.0,4.8621
S0628,S0628_snr_10dB_helicopter.wav,male_0724.wav,helicopter,10,10.0,9.6
S0629,S0629_snr_10dB_helicopter.wav,male_0610.wav,helicopter,10,10.0,4.0675
S0630,S0630_snr_10dB_helicopter.wav,male_0767.wav,helicopter,10,10.0,7.4
S0631,S0631_snr_10dB_helicopter.wav,male_0191.wav,helicopter,10,10.0,9.56
S0633,S0633_snr_10dB_helicopter.wav,male_0521.wav,helicopter,10,10.0,8.16
S0634,S0634_snr_10dB_helicopter.wav,male_0877.wav,helicopter,10,10.0,5.4082
S0635,S0635_snr_10dB_helicopter.wav,male_0806.wav,helicopter,10,10.0,4.0134
S0636,S0636_snr_10dB_helicopter.wav,male_0784.wav,helicopter,10,10.0,5.04
S0637,S0637_snr_10dB_helicopter.wav,male_0515.wav,helicopter,10,10.0,8.5201
S0639,S0639_snr_10dB_helicopter.wav,male_0848.wav,helicopter,10,10.0,4.7763
S0640,S0640_snr_10dB_helicopter.wav,male_0673.wav,helicopter,10,10.0,11.9948
S0641,S0641_snr_10dB_helicopter.wav,male_0059.wav,helicopter,10,10.0,7.325
S0642,S0642_snr_10dB_helicopter.wav,male_0322.wav,helicopter,10,10.0,7.9375
S0643,S0643_snr_10dB_helicopter.wav,male_0692.wav,helicopter,10,10.0,9.6451
S0644,S0644_snr_10dB_helicopter.wav,male_0556.wav,helicopter,10,10.0,9.0667
S0645,S0645_snr_10dB_helicopter.wav,male_0594.wav,helicopter,10,10.0,5.1551
S0646,S0646_snr_10dB_wind.wav,male_0838.wav,wind,10,10.0,10.9878
S0647,S0647_snr_10dB_wind.wav,male_0223.wav,wind,10,10.0,3.9881
S0648,S0648_snr_10dB_wind.wav,male_0304.wav,wind,10,10.0,6.4752
S0649,S0649_snr_10dB_wind.wav,male_0717.wav,wind,10,10.0,3.1305
S0650,S0650_snr_10dB_wind.wav,male_0159.wav,wind,10,10.0,3.3278
S0651,S0651_snr_10dB_wind.wav,male_0499.wav,wind,10,10.0,4.1497
S0652,S0652_snr_10dB_wind.wav,male_0570.wav,wind,10,10.0,3.8431
S0653,S0653_snr_10dB_wind.wav,male_0898.wav,wind,10,10.0,4.0706
S0654,S0654_snr_10dB_wind.wav,male_0293.wav,wind,10,10.0,5.435
S0655,S0655_snr_10dB_wind.wav,male_0466.wav,wind,10,10.0,4.7231
S0656,S0656_snr_10dB_wind.wav,male_0989.wav,wind,10,10.0,5.3315
S0657,S0657_snr_10dB_wind.wav,male_0400.wav,wind,10,10.0,11.9942
S0659,S0659_snr_10dB_wind.wav,male_0887.wav,wind,10,10.0,13.6235
S0661,S0661_snr_10dB_wind.wav,male_0726.wav,wind,10,10.0,5.2665
S0663,S0663_snr_10dB_wind.wav,male_0219.wav,wind,10,10.0,15.8397
S0665,S0665_snr_10dB_wind.wav,male_0716.wav,wind,10,10.0,5.5298
S0667,S0667_snr_10dB_wind.wav,male_0171.wav,wind,10,10.0,7.0801
S0668,S0668_snr_10dB_wind.wav,male_0243.wav,wind,10,10.0,7.4151
S0669,S0669_snr_15dB_armored_vehicle.wav,male_0981.wav,armored_vehicle,15,15.0,3.7861
S0670,S0670_snr_15dB_armored_vehicle.wav,male_0016.wav,armored_vehicle,15,15.0,4.3001
S0671,S0671_snr_15dB_armored_vehicle.wav,male_0554.wav,armored_vehicle,15,15.0,6.4724
S0672,S0672_snr_15dB_armored_vehicle.wav,male_0668.wav,armored_vehicle,15,15.0,5.8912
S0673,S0673_snr_15dB_armored_vehicle.wav,male_0052.wav,armored_vehicle,15,15.0,5.67
S0674,S0674_snr_15dB_armored_vehicle.wav,male_0990.wav,armored_vehicle,15,15.0,9.5307
S0675,S0675_snr_15dB_armored_vehicle.wav,male_0564.wav,armored_vehicle,15,15.0,5.8391
S0676,S0676_snr_15dB_armored_vehicle.wav,male_0454.wav,armored_vehicle,15,15.0,4.395
S0677,S0677_snr_15dB_armored_vehicle.wav,male_0078.wav,armored_vehicle,15,15.0,3.9478
S0678,S0678_snr_15dB_armored_vehicle.wav,male_0256.wav,armored_vehicle,15,15.0,9.64
S0679,S0679_snr_15dB_armored_vehicle.wav,male_0913.wav,armored_vehicle,15,15.0,8.4653
S0681,S0681_snr_15dB_armored_vehicle.wav,male_0188.wav,armored_vehicle,15,15.0,10.3438
S0682,S0682_snr_15dB_armored_vehicle.wav,male_0830.wav,armored_vehicle,15,15.0,9.84
S0683,S0683_snr_15dB_armored_vehicle.wav,male_0144.wav,armored_vehicle,15,15.0,6.5401
S0684,S0684_snr_15dB_armored_vehicle.wav,male_0967.wav,armored_vehicle,15,15.0,9.5256
S0685,S0685_snr_15dB_armored_vehicle.wav,male_0815.wav,armored_vehicle,15,15.0,4.7691
S0686,S0686_snr_15dB_armored_vehicle.wav,male_0706.wav,armored_vehicle,15,15.0,4.1424
S0687,S0687_snr_15dB_armored_vehicle.wav,male_0924.wav,armored_vehicle,15,15.0,3.3739
S0689,S0689_snr_15dB_armored_vehicle.wav,male_0112.wav,armored_vehicle,15,15.0,4.3664
S0690,S0690_snr_15dB_armored_vehicle.wav,male_0348.wav,armored_vehicle,15,15.0,17.0819
S0691,S0691_snr_15dB_armored_vehicle.wav,male_0413.wav,armored_vehicle,15,15.0,3.7508
S0692,S0692_snr_15dB_armored_vehicle.wav,male_0063.wav,armored_vehicle,15,15.0,4.2627
S0693,S0693_snr_15dB_artillery.wav,male_0101.wav,artillery,15,15.0,4.8166
S0694,S0694_snr_15dB_artillery.wav,male_0662.wav,artillery,15,15.0,7.52
S0696,S0696_snr_15dB_artillery.wav,male_0690.wav,artillery,15,15.0,4.8579
S0698,S0698_snr_15dB_artillery.wav,male_0479.wav,artillery,15,15.0,12.6526
S0699,S0699_snr_15dB_artillery.wav,male_0421.wav,artillery,15,15.0,4.1401
S0700,S0700_snr_15dB_artillery.wav,male_0756.wav,artillery,15,15.0,10.8124
S0701,S0701_snr_15dB_artillery.wav,male_0363.wav,artillery,15,15.0,7.2004
S0702,S0702_snr_15dB_artillery.wav,male_0442.wav,artillery,15,15.0,9.1914
S0703,S0703_snr_15dB_artillery.wav,male_0675.wav,artillery,15,15.0,7.72
S0704,S0704_snr_15dB_artillery.wav,male_0947.wav,artillery,15,15.0,6.6602
S0705,S0705_snr_15dB_artillery.wav,male_0097.wav,artillery,15,15.0,3.5849
S0706,S0706_snr_15dB_artillery.wav,male_0195.wav,artillery,15,15.0,9.7599
S0707,S0707_snr_15dB_artillery.wav,male_0417.wav,artillery,15,15.0,3.0894
S0708,S0708_snr_15dB_artillery.wav,male_0710.wav,artillery,15,15.0,10.24
S0709,S0709_snr_15dB_artillery.wav,male_0249.wav,artillery,15,15.0,4.1949
S0710,S0710_snr_15dB_artillery.wav,male_0485.wav,artillery,15,15.0,3.9881
S0712,S0712_snr_15dB_artillery.wav,male_0585.wav,artillery,15,15.0,7.78
S0713,S0713_snr_15dB_artillery.wav,male_0136.wav,artillery,15,15.0,4.9594
S0714,S0714_snr_15dB_artillery.wav,male_0754.wav,artillery,15,15.0,3.2804
S0715,S0715_snr_15dB_artillery.wav,male_0220.wav,artillery,15,15.0,17.0272
S0716,S0716_snr_15dB_artillery.wav,male_0768.wav,artillery,15,15.0,4.9671
S0717,S0717_snr_15dB_drone.wav,male_0686.wav,drone,15,15.0,8.3634
S0718,S0718_snr_15dB_drone.wav,male_0286.wav,drone,15,15.0,3.0939
S0719,S0719_snr_15dB_drone.wav,male_0244.wav,drone,15,15.0,4.3732
S0720,S0720_snr_15dB_drone.wav,male_0527.wav,drone,15,15.0,6.8309
S0724,S0724_snr_15dB_drone.wav,male_0070.wav,drone,15,15.0,6.2247
S0726,S0726_snr_15dB_drone.wav,male_0061.wav,drone,15,15.0,3.0078
S0728,S0728_snr_15dB_drone.wav,male_0725.wav,drone,15,15.0,6.2049
S0729,S0729_snr_15dB_drone.wav,male_0073.wav,drone,15,15.0,5.5001
S0730,S0730_snr_15dB_drone.wav,male_0008.wav,drone,15,15.0,4.7892
S0731,S0731_snr_15dB_drone.wav,male_0968.wav,drone,15,15.0,8.8166
S0732,S0732_snr_15dB_drone.wav,male_0735.wav,drone,15,15.0,5.52
S0733,S0733_snr_15dB_drone.wav,male_0236.wav,drone,15,15.0,3.8501
S0734,S0734_snr_15dB_drone.wav,male_0568.wav,drone,15,15.0,5.0711
S0736,S0736_snr_15dB_drone.wav,male_0022.wav,drone,15,15.0,11.3067
S0737,S0737_snr_15dB_drone.wav,male_0347.wav,drone,15,15.0,4.1014
S0738,S0738_snr_15dB_drone.wav,male_0828.wav,drone,15,15.0,4.26
S0739,S0739_snr_15dB_drone.wav,male_0231.wav,drone,15,15.0,8.1028
S0740,S0740_snr_15dB_drone.wav,male_0254.wav,drone,15,15.0,5.0876
S0741,S0741_snr_15dB_siren.wav,male_0124.wav,siren,15,15.0,3.36
S0743,S0743_snr_15dB_siren.wav,male_0530.wav,siren,15,15.0,3.4285
S0744,S0744_snr_15dB_siren.wav,male_0449.wav,siren,15,15.0,10.0
S0746,S0746_snr_15dB_siren.wav,male_0972.wav,siren,15,15.0,7.32
S0748,S0748_snr_15dB_siren.wav,male_0845.wav,siren,15,15.0,3.4675
S0750,S0750_snr_15dB_siren.wav,male_0731.wav,siren,15,15.0,12.4029
S0753,S0753_snr_15dB_siren.wav,male_0939.wav,siren,15,15.0,6.4196
S0754,S0754_snr_15dB_siren.wav,male_0785.wav,siren,15,15.0,6.0968
S0755,S0755_snr_15dB_siren.wav,male_0867.wav,siren,15,15.0,4.2927
S0756,S0756_snr_15dB_siren.wav,male_0434.wav,siren,15,15.0,7.1275
S0757,S0757_snr_15dB_siren.wav,male_0622.wav,siren,15,15.0,10.9152
S0758,S0758_snr_15dB_siren.wav,male_0541.wav,siren,15,15.0,4.9267
S0759,S0759_snr_15dB_siren.wav,male_0856.wav,siren,15,15.0,8.8267
S0760,S0760_snr_15dB_siren.wav,male_0170.wav,siren,15,15.0,4.3912
S0761,S0761_snr_15dB_siren.wav,male_0563.wav,siren,15,15.0,4.7781
S0762,S0762_snr_15dB_siren.wav,male_0487.wav,siren,15,15.0,10.43
S0763,S0763_snr_15dB_siren.wav,male_0676.wav,siren,15,15.0,4.2581
S0764,S0764_snr_15dB_siren.wav,male_0132.wav,siren,15,15.0,5.7527
S0765,S0765_snr_15dB_gunshot.wav,male_0129.wav,gunshot,15,15.0,6.8456
S0766,S0766_snr_15dB_gunshot.wav,male_0546.wav,gunshot,15,15.0,12.1653
S0767,S0767_snr_15dB_gunshot.wav,male_0071.wav,gunshot,15,15.0,7.5209
S0768,S0768_snr_15dB_gunshot.wav,male_0498.wav,gunshot,15,15.0,3.3003
S0769,S0769_snr_15dB_gunshot.wav,male_0750.wav,gunshot,15,15.0,3.6014
S0770,S0770_snr_15dB_gunshot.wav,male_0088.wav,gunshot,15,15.0,11.2867
S0771,S0771_snr_15dB_gunshot.wav,male_0934.wav,gunshot,15,15.0,11.1017
S0772,S0772_snr_15dB_gunshot.wav,male_0866.wav,gunshot,15,15.0,3.7337
S0773,S0773_snr_15dB_gunshot.wav,male_0247.wav,gunshot,15,15.0,13.4523
S0775,S0775_snr_15dB_gunshot.wav,male_0246.wav,gunshot,15,15.0,10.3534
S0776,S0776_snr_15dB_gunshot.wav,male_0315.wav,gunshot,15,15.0,9.1
S0777,S0777_snr_15dB_gunshot.wav,male_0372.wav,gunshot,15,15.0,5.0636
S0778,S0778_snr_15dB_gunshot.wav,male_0809.wav,gunshot,15,15.0,9.2073
S0780,S0780_snr_15dB_gunshot.wav,male_0501.wav,gunshot,15,15.0,9.6335
S0781,S0781_snr_15dB_gunshot.wav,male_0332.wav,gunshot,15,15.0,3.079
S0782,S0782_snr_15dB_gunshot.wav,male_0614.wav,gunshot,15,15.0,15.7635
S0783,S0783_snr_15dB_gunshot.wav,male_0001.wav,gunshot,15,15.0,6.5406
S0785,S0785_snr_15dB_gunshot.wav,male_0553.wav,gunshot,15,15.0,7.0666
S0786,S0786_snr_15dB_gunshot.wav,male_0166.wav,gunshot,15,15.0,5.0271
S0789,S0789_snr_15dB_helicopter.wav,male_0835.wav,helicopter,15,15.0,3.1803
S0790,S0790_snr_15dB_helicopter.wav,male_0974.wav,helicopter,15,15.0,7.7611
S0791,S0791_snr_15dB_helicopter.wav,male_0895.wav,helicopter,15,15.0,9.2886
S0793,S0793_snr_15dB_helicopter.wav,male_1000.wav,helicopter,15,15.0,4.8618
S0795,S0795_snr_15dB_helicopter.wav,male_0641.wav,helicopter,15,15.0,5.6067
S0797,S0797_snr_15dB_helicopter.wav,male_0520.wav,helicopter,15,15.0,4.1204
S0798,S0798_snr_15dB_helicopter.wav,male_0183.wav,helicopter,15,15.0,14.3909
S0799,S0799_snr_15dB_helicopter.wav,male_0781.wav,helicopter,15,15.0,3.0256
S0800,S0800_snr_15dB_helicopter.wav,male_0513.wav,helicopter,15,15.0,5.9319
S0801,S0801_snr_15dB_helicopter.wav,male_0931.wav,helicopter,15,15.0,5.3747
S0803,S0803_snr_15dB_helicopter.wav,male_0740.wav,helicopter,15,15.0,13.3151
S0804,S0804_snr_15dB_helicopter.wav,male_0004.wav,helicopter,15,15.0,5.5071
S0805,S0805_snr_15dB_helicopter.wav,male_0909.wav,helicopter,15,15.0,11.9845
S0806,S0806_snr_15dB_helicopter.wav,male_0162.wav,helicopter,15,15.0,14.0301
S0807,S0807_snr_15dB_helicopter.wav,male_0446.wav,helicopter,15,15.0,19.4054
S0809,S0809_snr_15dB_helicopter.wav,male_0999.wav,helicopter,15,15.0,7.32
S0811,S0811_snr_15dB_helicopter.wav,male_0657.wav,helicopter,15,15.0,4.3806
S0812,S0812_snr_15dB_wind.wav,male_0788.wav,wind,15,15.0,5.6511
S0813,S0813_snr_15dB_wind.wav,male_0900.wav,wind,15,15.0,4.0423
S0815,S0815_snr_15dB_wind.wav,male_0937.wav,wind,15,15.0,4.82
S0816,S0816_snr_15dB_wind.wav,male_0699.wav,wind,15,15.0,7.5645
S0817,S0817_snr_15dB_wind.wav,male_0118.wav,wind,15,15.0,10.96
S0818,S0818_snr_15dB_wind.wav,male_0739.wav,wind,15,15.0,4.233
S0819,S0819_snr_15dB_wind.wav,male_0831.wav,wind,15,15.0,13.52
S0820,S0820_snr_15dB_wind.wav,male_0012.wav,wind,15,15.0,3.6244
S0821,S0821_snr_15dB_wind.wav,male_0567.wav,wind,15,15.0,3.0742
S0822,S0822_snr_15dB_wind.wav,male_0258.wav,wind,15,15.0,3.219
S0823,S0823_snr_15dB_wind.wav,male_0542.wav,wind,15,15.0,3.6748
S0824,S0824_snr_15dB_wind.wav,male_0480.wav,wind,15,15.0,4.8524
S0825,S0825_snr_15dB_wind.wav,male_0964.wav,wind,15,15.0,8.8771
S0826,S0826_snr_15dB_wind.wav,male_0391.wav,wind,15,15.0,3.3999
S0827,S0827_snr_15dB_wind.wav,male_0395.wav,wind,15,15.0,19.6899
S0828,S0828_snr_15dB_wind.wav,male_0066.wav,wind,15,15.0,10.4211
S0830,S0830_snr_15dB_wind.wav,male_0957.wav,wind,15,15.0,6.6285
S0831,S0831_snr_15dB_wind.wav,male_0697.wav,wind,15,15.0,11.8029
S0833,S0833_snr_15dB_wind.wav,male_0959.wav,wind,15,15.0,6.67
S0834,S0834_snr_15dB_wind.wav,male_0643.wav,wind,15,15.0,3.8304
S0836,S0836_snr_20dB_armored_vehicle.wav,male_0113.wav,armored_vehicle,20,20.0,5.163
S0837,S0837_snr_20dB_armored_vehicle.wav,male_0049.wav,armored_vehicle,20,20.0,16.2711
S0838,S0838_snr_20dB_armored_vehicle.wav,male_0774.wav,armored_vehicle,20,20.0,5.8232
S0839,S0839_snr_20dB_armored_vehicle.wav,male_0094.wav,armored_vehicle,20,20.0,17.3141
S0840,S0840_snr_20dB_armored_vehicle.wav,male_0506.wav,armored_vehicle,20,20.0,6.0168
S0841,S0841_snr_20dB_armored_vehicle.wav,male_0522.wav,armored_vehicle,20,20.0,6.352
S0842,S0842_snr_20dB_armored_vehicle.wav,male_0142.wav,armored_vehicle,20,20.0,8.5007
S0843,S0843_snr_20dB_armored_vehicle.wav,male_0882.wav,armored_vehicle,20,20.0,9.1675
S0844,S0844_snr_20dB_armored_vehicle.wav,male_0926.wav,armored_vehicle,20,20.0,8.6212
S0845,S0845_snr_20dB_armored_vehicle.wav,male_0409.wav,armored_vehicle,20,20.0,7.8012
S0846,S0846_snr_20dB_armored_vehicle.wav,male_0598.wav,armored_vehicle,20,20.0,9.0
S0847,S0847_snr_20dB_armored_vehicle.wav,male_0439.wav,armored_vehicle,20,20.0,5.9184
S0848,S0848_snr_20dB_armored_vehicle.wav,male_0599.wav,armored_vehicle,20,20.0,8.0
S0849,S0849_snr_20dB_armored_vehicle.wav,male_0765.wav,armored_vehicle,20,20.0,4.7
S0851,S0851_snr_20dB_armored_vehicle.wav,male_0552.wav,armored_vehicle,20,20.0,4.8123
S0852,S0852_snr_20dB_armored_vehicle.wav,male_0975.wav,armored_vehicle,20,20.0,8.3
S0853,S0853_snr_20dB_armored_vehicle.wav,male_0763.wav,armored_vehicle,20,20.0,25.4898
S0854,S0854_snr_20dB_armored_vehicle.wav,male_0253.wav,armored_vehicle,20,20.0,3.04
S0856,S0856_snr_20dB_armored_vehicle.wav,male_0272.wav,armored_vehicle,20,20.0,4.6294
S0858,S0858_snr_20dB_armored_vehicle.wav,male_0470.wav,armored_vehicle,20,20.0,3.9085
S0859,S0859_snr_20dB_artillery.wav,male_0659.wav,artillery,20,20.0,4.9694
S0860,S0860_snr_20dB_artillery.wav,male_0406.wav,artillery,20,20.0,26.4312
S0861,S0861_snr_20dB_artillery.wav,male_0512.wav,artillery,20,20.0,9.7885
S0862,S0862_snr_20dB_artillery.wav,male_0672.wav,artillery,20,20.0,3.6901
S0863,S0863_snr_20dB_artillery.wav,male_0218.wav,artillery,20,20.0,23.0961
S0864,S0864_snr_20dB_artillery.wav,male_0323.wav,artillery,20,20.0,5.5476
S0865,S0865_snr_20dB_artillery.wav,male_0736.wav,artillery,20,20.0,9.0388
S0866,S0866_snr_20dB_artillery.wav,male_0581.wav,artillery,20,20.0,5.0689
S0868,S0868_snr_20dB_artillery.wav,male_0068.wav,artillery,20,20.0,6.0
S0869,S0869_snr_20dB_artillery.wav,male_0275.wav,artillery,20,20.0,12.1661
S0870,S0870_snr_20dB_artillery.wav,male_0411.wav,artillery,20,20.0,7.3133
S0872,S0872_snr_20dB_artillery.wav,male_0825.wav,artillery,20,20.0,3.7571
S0873,S0873_snr_20dB_artillery.wav,male_0983.wav,artillery,20,20.0,4.814
S0874,S0874_snr_20dB_artillery.wav,male_0842.wav,artillery,20,20.0,5.0401
S0875,S0875_snr_20dB_artillery.wav,male_0235.wav,artillery,20,20.0,3.0597
S0876,S0876_snr_20dB_artillery.wav,male_0058.wav,artillery,20,20.0,6.3986
S0877,S0877_snr_20dB_artillery.wav,male_0795.wav,artillery,20,20.0,3.1617
S0878,S0878_snr_20dB_artillery.wav,male_0787.wav,artillery,20,20.0,3.5655
S0879,S0879_snr_20dB_artillery.wav,male_0864.wav,artillery,20,20.0,10.3936
S0880,S0880_snr_20dB_artillery.wav,male_0333.wav,artillery,20,20.0,3.2591
S0881,S0881_snr_20dB_artillery.wav,male_0702.wav,artillery,20,20.0,5.48
S0882,S0882_snr_20dB_artillery.wav,male_0225.wav,artillery,20,20.0,3.0013
S0883,S0883_snr_20dB_drone.wav,male_0571.wav,drone,20,20.0,6.3487
S0887,S0887_snr_20dB_drone.wav,male_0389.wav,drone,20,20.0,6.02
S0888,S0888_snr_20dB_drone.wav,male_0474.wav,drone,20,20.0,4.3734
S0889,S0889_snr_20dB_drone.wav,male_0168.wav,drone,20,20.0,11.2
S0891,S0891_snr_20dB_drone.wav,male_0747.wav,drone,20,20.0,7.6667
S0893,S0893_snr_20dB_drone.wav,male_0176.wav,drone,20,20.0,6.9003
S0894,S0894_snr_20dB_drone.wav,male_0908.wav,drone,20,20.0,11.9462
S0896,S0896_snr_20dB_drone.wav,male_0074.wav,drone,20,20.0,14.8696
S0897,S0897_snr_20dB_drone.wav,male_0664.wav,drone,20,20.0,5.4867
S0898,S0898_snr_20dB_drone.wav,male_0700.wav,drone,20,20.0,24.3773
S0899,S0899_snr_20dB_drone.wav,male_0971.wav,drone,20,20.0,3.5414
S0900,S0900_snr_20dB_drone.wav,male_0274.wav,drone,20,20.0,5.0838
S0901,S0901_snr_20dB_drone.wav,male_0687.wav,drone,20,20.0,5.1491
S0903,S0903_snr_20dB_drone.wav,male_0364.wav,drone,20,20.0,4.5014
S0904,S0904_snr_20dB_drone.wav,male_0380.wav,drone,20,20.0,3.44
S0905,S0905_snr_20dB_drone.wav,male_0167.wav,drone,20,20.0,4.7944
S0906,S0906_snr_20dB_drone.wav,male_0374.wav,drone,20,20.0,7.1636
S0907,S0907_snr_20dB_siren.wav,male_0855.wav,siren,20,20.0,4.884
S0908,S0908_snr_20dB_siren.wav,male_0651.wav,siren,20,20.0,4.5873
S0909,S0909_snr_20dB_siren.wav,male_0465.wav,siren,20,20.0,4.3494
S0910,S0910_snr_20dB_siren.wav,male_0955.wav,siren,20,20.0,10.0659
S0913,S0913_snr_20dB_siren.wav,male_0888.wav,siren,20,20.0,8.2732
S0914,S0914_snr_20dB_siren.wav,male_0979.wav,siren,20,20.0,5.9756
S0915,S0915_snr_20dB_siren.wav,male_0876.wav,siren,20,20.0,9.755
S0916,S0916_snr_20dB_siren.wav,male_0082.wav,siren,20,20.0,3.7896
S0917,S0917_snr_20dB_siren.wav,male_0297.wav,siren,20,20.0,6.9341
S0918,S0918_snr_20dB_siren.wav,male_0792.wav,siren,20,20.0,3.3956
S0922,S0922_snr_20dB_siren.wav,male_0072.wav,siren,20,20.0,3.3403
S0923,S0923_snr_20dB_siren.wav,male_0722.wav,siren,20,20.0,3.9881
S0924,S0924_snr_20dB_siren.wav,male_0197.wav,siren,20,20.0,6.698
S0925,S0925_snr_20dB_siren.wav,male_0592.wav,siren,20,20.0,29.6965
S0926,S0926_snr_20dB_siren.wav,male_0371.wav,siren,20,20.0,6.8074
S0927,S0927_snr_20dB_siren.wav,male_0883.wav,siren,20,20.0,6.8304
S0928,S0928_snr_20dB_siren.wav,male_0907.wav,siren,20,20.0,11.2366
S0929,S0929_snr_20dB_siren.wav,male_0634.wav,siren,20,20.0,4.3065
S0930,S0930_snr_20dB_siren.wav,male_0644.wav,siren,20,20.0,7.84
S0931,S0931_snr_20dB_gunshot.wav,male_0850.wav,gunshot,20,20.0,8.1279
S0932,S0932_snr_20dB_gunshot.wav,male_0301.wav,gunshot,20,20.0,9.0034
S0933,S0933_snr_20dB_gunshot.wav,male_0566.wav,gunshot,20,20.0,3.3454
S0934,S0934_snr_20dB_gunshot.wav,male_0081.wav,gunshot,20,20.0,3.3676
S0935,S0935_snr_20dB_gunshot.wav,male_0388.wav,gunshot,20,20.0,24.0624
S0936,S0936_snr_20dB_gunshot.wav,male_0128.wav,gunshot,20,20.0,3.7989
S0937,S0937_snr_20dB_gunshot.wav,male_0550.wav,gunshot,20,20.0,8.8493
S0938,S0938_snr_20dB_gunshot.wav,male_0471.wav,gunshot,20,20.0,3.94
S0939,S0939_snr_20dB_gunshot.wav,male_0748.wav,gunshot,20,20.0,19.0297
S0940,S0940_snr_20dB_gunshot.wav,male_0045.wav,gunshot,20,20.0,4.1816
S0941,S0941_snr_20dB_gunshot.wav,male_0827.wav,gunshot,20,20.0,12.1056
S0942,S0942_snr_20dB_gunshot.wav,male_0271.wav,gunshot,20,20.0,5.6018
S0943,S0943_snr_20dB_gunshot.wav,male_0619.wav,gunshot,20,20.0,7.5758
S0945,S0945_snr_20dB_gunshot.wav,male_0868.wav,gunshot,20,20.0,10.9
S0947,S0947_snr_20dB_gunshot.wav,male_0100.wav,gunshot,20,20.0,3.979
S0949,S0949_snr_20dB_gunshot.wav,male_0095.wav,gunshot,20,20.0,4.7417
S0950,S0950_snr_20dB_gunshot.wav,male_0991.wav,gunshot,20,20.0,7.4192
S0951,S0951_snr_20dB_gunshot.wav,male_0345.wav,gunshot,20,20.0,25.8657
S0953,S0953_snr_20dB_gunshot.wav,male_0221.wav,gunshot,20,20.0,10.4198
S0954,S0954_snr_20dB_gunshot.wav,male_0160.wav,gunshot,20,20.0,5.4354
S0955,S0955_snr_20dB_helicopter.wav,male_0965.wav,helicopter,20,20.0,3.1892
S0956,S0956_snr_20dB_helicopter.wav,male_0349.wav,helicopter,20,20.0,9.6174
S0957,S0957_snr_20dB_helicopter.wav,male_0984.wav,helicopter,20,20.0,18.8171
S0958,S0958_snr_20dB_helicopter.wav,male_0715.wav,helicopter,20,20.0,5.5497
S0959,S0959_snr_20dB_helicopter.wav,male_0164.wav,helicopter,20,20.0,15.5416
S0960,S0960_snr_20dB_helicopter.wav,male_0826.wav,helicopter,20,20.0,8.16
S0961,S0961_snr_20dB_helicopter.wav,male_0778.wav,helicopter,20,20.0,6.4381
S0962,S0962_snr_20dB_helicopter.wav,male_0007.wav,helicopter,20,20.0,3.4501
S0963,S0963_snr_20dB_helicopter.wav,male_0891.wav,helicopter,20,20.0,3.5946
S0964,S0964_snr_20dB_helicopter.wav,male_0829.wav,helicopter,20,20.0,8.1548
S0965,S0965_snr_20dB_helicopter.wav,male_0285.wav,helicopter,20,20.0,7.7195
S0967,S0967_snr_20dB_helicopter.wav,male_0460.wav,helicopter,20,20.0,5.5931
S0968,S0968_snr_20dB_helicopter.wav,male_0226.wav,helicopter,20,20.0,6.7156
S0969,S0969_snr_20dB_helicopter.wav,male_0430.wav,helicopter,20,20.0,8.8513
S0970,S0970_snr_20dB_helicopter.wav,male_0987.wav,helicopter,20,20.0,6.7119
S0972,S0972_snr_20dB_helicopter.wav,male_0666.wav,helicopter,20,20.0,3.641
S0973,S0973_snr_20dB_helicopter.wav,male_0734.wav,helicopter,20,20.0,24.5644
S0975,S0975_snr_20dB_helicopter.wav,male_0575.wav,helicopter,20,20.0,13.0608
S0976,S0976_snr_20dB_helicopter.wav,male_0028.wav,helicopter,20,20.0,3.2119
S0977,S0977_snr_20dB_helicopter.wav,male_0617.wav,helicopter,20,20.0,5.9944
S0978,S0978_snr_20dB_wind.wav,male_0518.wav,wind,20,20.0,7.92
S0979,S0979_snr_20dB_wind.wav,male_0239.wav,wind,20,20.0,4.7511
S0980,S0980_snr_20dB_wind.wav,male_0224.wav,wind,20,20.0,7.1401
S0981,S0981_snr_20dB_wind.wav,male_0096.wav,wind,20,20.0,4.4412
S0982,S0982_snr_20dB_wind.wav,male_0031.wav,wind,20,20.0,6.8881
S0983,S0983_snr_20dB_wind.wav,male_0033.wav,wind,20,20.0,7.6633
S0984,S0984_snr_20dB_wind.wav,male_0433.wav,wind,20,20.0,3.8333
S0985,S0985_snr_20dB_wind.wav,male_0605.wav,wind,20,20.0,5.2067
S0986,S0986_snr_20dB_wind.wav,male_0090.wav,wind,20,20.0,14.3307
S0987,S0987_snr_20dB_wind.wav,male_0559.wav,wind,20,20.0,6.7351
S0989,S0989_snr_20dB_wind.wav,male_0759.wav,wind,20,20.0,5.28
S0991,S0991_snr_20dB_wind.wav,male_0105.wav,wind,20,20.0,4.8375
S0992,S0992_snr_20dB_wind.wav,male_0755.wav,wind,20,20.0,14.6932
S0993,S0993_snr_20dB_wind.wav,male_0143.wav,wind,20,20.0,15.8172
S0994,S0994_snr_20dB_wind.wav,male_0229.wav,wind,20,20.0,5.6966
S0995,S0995_snr_20dB_wind.wav,male_0251.wav,wind,20,20.0,3.1178
S0996,S0996_snr_20dB_wind.wav,male_0282.wav,wind,20,20.0,7.8946
S0997,S0997_snr_20dB_wind.wav,male_0760.wav,wind,20,20.0,9.7546
S0998,S0998_snr_20dB_wind.wav,male_0026.wav,wind,20,20.0,9.2609
S0999,S0999_snr_20dB_wind.wav,male_0115.wav,wind,20,20.0,3.5064
S1000,S1000_snr_20dB_wind.wav,male_0655.wav,wind,20,20.0,4.7375
