sample_id,target_snr_db,metadata_measured_snr_db,noise_category,waveform_input_snr_db,waveform_output_snr_db,waveform_snr_improvement_db,input_si_snr_db,output_si_snr_db,si_snr_improvement_db,input_stoi,output_stoi,stoi_improvement,input_pesq,output_pesq,pesq_improvement,rms_ratio_enhanced_over_clean,clipping_pct,valid_percep,inference_sec
S0011,-5.0,-5.0,armored_vehicle,-6.9881,3.8589,10.847,-7.0577,3.4887,10.5464,0.531217,0.531715,0.000497,1.163485,1.153985,-0.009501,1.150348,0.0,1,0.0334
S0016,-5.0,-5.0,armored_vehicle,-5.1315,3.4724,8.6039,-5.3648,0.8998,6.2647,0.678523,0.714167,0.035645,1.037153,1.11555,0.078398,0.776555,0.0,1,0.0234
S0019,-5.0,-5.0,armored_vehicle,-3.35,6.4542,9.8042,-3.0919,5.3913,8.4832,0.565741,0.684741,0.119,1.050455,1.240033,0.189578,0.921475,0.0,1,0.0193
S0023,-5.0,-5.0,armored_vehicle,-0.7995,5.2525,6.052,-3.6068,4.2477,7.8545,0.546532,0.600264,0.053732,1.030424,1.183329,0.152905,0.69416,0.0,1,0.0177
S0033,-5.0,-5.0,artillery,5.3561,5.7828,0.4266,9.1463,17.3894,8.243,0.970642,0.972279,0.001637,2.790472,2.69242,-0.098053,0.494859,0.0,1,0.0265
S0045,-5.0,-5.0,artillery,0.2284,2.5163,2.2879,-5.1402,-0.9014,4.2389,0.612022,0.730701,0.118679,1.200272,1.398904,0.198632,0.577177,0.0,1,0.0214
S0053,-5.0,-5.0,drone,-3.1842,0.1008,3.285,-5.5929,-3.3001,2.2928,0.870048,0.866526,-0.003522,1.134869,1.155605,0.020736,1.108317,0.0,1,0.0252
S0071,-5.0,-5.0,drone,-5.3943,7.6492,13.0435,-5.883,6.8568,12.7398,0.818092,0.821559,0.003467,1.099092,1.469793,0.3707,0.881519,0.0,1,0.0216
S0078,-5.0,-5.0,siren,-6.6296,7.0258,13.6555,-6.5447,6.1299,12.6746,0.622213,0.68945,0.067237,1.325104,1.166686,-0.158417,0.944981,0.0,1,0.0322
S0081,-5.0,-5.0,siren,1.3315,3.3579,2.0263,-4.1463,10.1133,14.2597,0.519607,0.668951,0.149344,1.056003,1.368836,0.312833,0.344034,0.0,1,0.0322
S0096,-5.0,-5.0,siren,-3.5749,6.2019,9.7768,-4.9639,5.2176,10.1814,0.476975,0.539991,0.063015,1.040995,1.067093,0.026097,0.969253,0.0,1,0.0299
S0129,-5.0,-5.0,helicopter,-4.0571,4.6212,8.6783,-4.8508,2.8376,7.6884,0.560274,0.735392,0.175119,1.033723,1.152993,0.11927,0.864185,0.0,1,0.0245
S0130,-5.0,-5.0,helicopter,-4.2575,2.6074,6.8649,-4.2098,-0.0686,4.1412,0.679759,0.747258,0.067499,1.186855,1.363602,0.176747,0.915547,0.0,1,0.0387
S0138,-5.0,-5.0,helicopter,-5.1726,3.3469,8.5195,-5.0213,0.65,5.6712,0.664492,0.721528,0.057036,1.03035,1.059428,0.029079,0.725225,0.0,1,0.0347
S0157,-5.0,-5.0,wind,-0.7362,3.7127,4.4489,-5.7831,1.995,7.7781,0.599511,0.69265,0.093139,1.157805,1.141236,-0.01657,0.587414,0.0,1,0.0305
S0164,-5.0,-5.0,wind,-5.8448,8.1307,13.9755,-5.8575,7.4477,13.3052,0.815449,0.774466,-0.040983,1.160132,1.522837,0.362704,0.945541,0.0,1,0.0284
S0194,0.0,0.0,artillery,-1.0214,11.2789,12.3003,-0.9358,10.9489,11.8847,0.845082,0.882673,0.03759,1.30345,1.795356,0.491906,0.971965,0.0,1,0.0296
S0201,0.0,0.0,artillery,-0.6908,3.7393,4.4301,-3.4873,1.7012,5.1885,0.668603,0.724374,0.055771,1.088165,1.205487,0.117322,0.633073,0.0,1,0.0329
S0204,0.0,0.0,artillery,-14.5287,-1.3268,13.2018,-15.1895,-13.7637,1.4258,0.102683,0.081791,-0.020892,1.098616,1.07123,-0.027385,0.831474,0.0,1,0.0298
S0209,0.0,0.0,artillery,2.8831,14.8877,12.0046,2.8781,14.7711,11.893,0.950374,0.987653,0.037279,1.473552,2.703557,1.230005,0.997557,0.0,1,0.0253
S0214,0.0,0.0,artillery,1.2162,9.7313,8.5151,1.134,9.3673,8.2333,0.617624,0.717617,0.099993,1.124146,1.373899,0.249753,0.998502,0.0,1,0.0312
S0234,0.0,0.0,drone,-0.8214,8.0359,8.8573,-0.8585,7.7921,8.6507,0.735439,0.844133,0.108694,1.214406,1.338063,0.123656,1.046928,0.0,1,0.0335
S0242,0.0,0.0,siren,1.9282,5.4565,3.5284,-1.0322,4.4999,5.5321,0.806947,0.853103,0.046155,1.210913,1.278106,0.067194,0.70821,0.0,1,0.0343
S0247,0.0,0.0,siren,1.1793,7.4994,6.3201,1.153,6.8665,5.7135,0.808416,0.845811,0.037396,1.121483,1.283938,0.162455,0.995592,0.0,1,0.0383
S0263,0.0,0.0,siren,0.3837,4.906,4.5223,0.1725,3.7097,3.5372,0.596852,0.652063,0.055211,1.271483,1.427047,0.155564,0.994316,0.0,1,0.0282
S0269,0.0,0.0,gunshot,-0.6408,2.826,3.4668,-0.209,2.8805,3.0895,0.866277,0.890664,0.024388,1.10376,1.197825,0.094065,1.238621,0.0,1,0.03
S0277,0.0,0.0,gunshot,16.2745,18.2849,2.0104,16.2802,18.2774,1.9972,0.954062,0.969436,0.015374,3.278892,3.398995,0.120103,1.00611,0.0,1,0.028
S0278,0.0,0.0,gunshot,0.6247,9.3094,8.6846,0.4387,8.7679,8.3291,0.588296,0.658354,0.070058,1.071519,1.496743,0.425223,0.939057,0.0,1,0.0329
S0281,0.0,0.0,gunshot,-1.3234,9.2099,10.5333,-1.1666,9.0342,10.2008,0.562482,0.586823,0.024341,1.228836,1.483448,0.254612,1.037266,0.0,1,0.0326
S0295,0.0,-0.0,helicopter,0.5686,8.0064,7.4378,0.4965,7.4193,6.9228,0.810341,0.867696,0.057355,1.259912,1.418308,0.158397,0.989945,0.0,1,0.0327
S0296,0.0,0.0,helicopter,1.2679,7.4257,6.1578,0.4437,6.5603,6.1166,0.57573,0.690356,0.114626,1.038693,1.28617,0.247476,0.898786,0.0,1,0.0318
S0305,0.0,0.0,helicopter,0.2099,9.7114,9.5015,0.3039,9.4749,9.171,0.828683,0.893689,0.065006,1.428756,1.621233,0.192477,1.021843,0.0,1,0.0318
S0314,0.0,0.0,wind,5.794,12.6342,6.8402,5.8709,12.4926,6.6217,0.828236,0.899759,0.071524,1.228367,1.996714,0.768347,1.007562,0.0,1,0.0327
S0324,0.0,0.0,wind,3.4043,15.4154,12.0111,3.4001,15.4171,12.017,0.849584,0.89422,0.044636,1.3209,2.298829,0.977928,1.014458,0.0,1,0.0275
S0326,0.0,0.0,wind,1.8447,9.7532,7.9085,0.0311,10.8156,10.7846,0.766048,0.847952,0.081904,1.235505,1.610867,0.375363,0.789765,0.0,1,0.0367
S0332,0.0,-0.0,wind,1.4416,7.6292,6.1876,-0.6002,7.4097,8.0098,0.700029,0.757363,0.057334,1.258263,1.610997,0.352734,0.78231,0.0,1,0.0301
S0340,5.0,5.0,armored_vehicle,1.2735,9.2521,7.9787,1.0664,8.8526,7.7862,0.583761,0.715084,0.131323,1.16349,1.410046,0.246556,1.000295,0.0,1,0.0291
S0342,5.0,5.0,armored_vehicle,0.695,6.0109,5.3158,1.0267,4.7592,3.7324,0.762325,0.814172,0.051847,1.272281,1.418236,0.145955,0.869983,0.0,1,0.0372
S0356,5.0,5.0,armored_vehicle,12.5775,19.5604,6.9828,12.5635,19.6514,7.0879,0.921094,0.927853,0.006759,1.516785,2.388197,0.871412,1.013219,0.0,1,0.0341
S0370,5.0,5.0,artillery,7.1667,16.7774,9.6107,7.1865,16.686,9.4995,0.836249,0.937352,0.101103,2.11955,2.913374,0.793824,0.991341,0.0,1,0.0275
S0377,5.0,5.0,artillery,8.1116,10.7611,2.6495,8.1851,10.6989,2.5138,0.904102,0.910366,0.006264,1.624381,2.11393,0.48955,1.032652,0.0,1,0.0326
S0389,5.0,5.0,drone,5.9125,10.3702,4.4577,5.9285,10.1774,4.2489,0.910923,0.929555,0.018633,1.176233,1.453791,0.277558,1.02031,0.0,1,0.0427
S0402,5.0,5.0,drone,4.8564,17.7297,12.8733,4.8733,17.676,12.8027,0.919824,0.89402,-0.025804,1.550406,2.270189,0.719783,1.000336,0.0,1,0.0308
S0416,5.0,5.0,siren,2.9388,7.0085,4.0696,2.9747,6.0548,3.0801,0.893477,0.900247,0.006771,1.337713,1.66863,0.330917,0.875253,0.0,1,0.028
S0418,5.0,5.0,siren,3.7941,8.9612,5.1671,3.7866,8.6986,4.9121,0.678677,0.689295,0.010618,1.266645,1.332757,0.066113,1.028785,0.0,1,0.049
S0424,5.0,5.0,siren,5.6004,14.1088,8.5085,5.6239,14.1673,8.5434,0.748961,0.820032,0.071071,1.2409,2.029716,0.788816,1.025337,0.0,1,0.0338
S0426,5.0,5.0,siren,5.4457,13.183,7.7373,5.434,13.1192,7.6852,0.627686,0.708849,0.081163,1.258254,1.602343,0.344089,1.015908,0.0,1,0.0374
S0444,5.0,5.0,gunshot,4.805,7.8731,3.0681,3.3646,7.982,4.6173,0.762602,0.850252,0.08765,1.125782,1.483714,0.357932,0.767911,0.0,1,0.0297
S0459,5.0,5.0,helicopter,9.3704,19.1135,9.743,9.359,19.183,9.824,0.938991,0.957734,0.018743,1.60438,2.522819,0.918439,1.012426,0.0,1,0.0499
S0481,5.0,5.0,wind,4.1616,9.6856,5.524,4.0403,9.489,5.4487,0.766462,0.784341,0.017879,1.166051,1.38796,0.221909,1.028075,0.0,1,0.0254
S0486,5.0,5.0,wind,7.3941,13.3424,5.9483,6.5217,17.1601,10.6385,0.95381,0.959383,0.005573,1.355075,2.361305,1.00623,0.824837,0.0,1,0.0229
S0515,10.0,10.0,armored_vehicle,13.2479,16.0949,2.8471,13.2474,16.0136,2.7662,0.8653,0.895402,0.030101,1.388058,1.786386,0.398328,0.999802,0.0,1,0.0257
S0523,10.0,10.0,armored_vehicle,11.3355,13.9667,2.6311,11.2918,13.8494,2.5576,0.928098,0.923061,-0.005037,2.002808,2.212473,0.209665,1.003055,0.0,1,0.0229
S0525,10.0,10.0,armored_vehicle,12.754,20.671,7.917,12.7423,20.6343,7.892,0.883413,0.899462,0.016049,1.386302,2.578288,1.191986,0.996832,0.0,1,0.0443
S0529,10.0,10.0,artillery,9.6307,16.2532,6.6225,9.1555,18.8485,9.693,0.973456,0.980743,0.007286,1.999516,2.977963,0.978447,0.889489,0.0,1,0.0259
S0532,10.0,10.0,artillery,8.6542,12.818,4.1637,8.0183,13.7666,5.7483,0.911942,0.924038,0.012096,1.793319,2.797942,1.004623,0.870327,0.0,1,0.0288
S0533,10.0,10.0,artillery,9.301,15.2185,5.9175,9.3975,15.2042,5.8068,0.961416,0.938949,-0.022467,1.708876,2.521333,0.812457,1.013223,0.0,1,0.0297
S0535,10.0,10.0,artillery,19.275,22.183,2.908,19.2273,22.2134,2.986,0.908765,0.906197,-0.002568,2.093626,2.416267,0.322641,1.005838,0.0031,1,0.0297
S0562,10.0,10.0,drone,11.3355,18.5904,7.2549,11.3404,18.6022,7.2618,0.955548,0.986135,0.030586,2.313417,2.655621,0.342204,1.008164,0.0,1,0.0294
S0565,10.0,10.0,drone,12.9602,19.3565,6.3963,13.2367,19.3584,6.1217,0.93764,0.929976,-0.007664,2.244194,2.358082,0.113888,1.005531,0.0,1,0.0301
S0573,10.0,10.0,drone,13.6634,22.0733,8.4099,13.6659,22.0564,8.3905,0.983603,0.965309,-0.018294,2.399566,3.995915,1.596349,1.000687,0.0,1,0.026
S0578,10.0,10.0,siren,9.6097,14.6467,5.037,9.5917,14.5958,5.0041,0.942975,0.980848,0.037873,1.678344,3.191308,1.512963,1.01065,0.0,1,0.0333
S0581,10.0,10.0,siren,11.501,14.2859,2.7849,11.2083,14.3102,3.1019,0.894827,0.933765,0.038938,1.874402,2.71182,0.837418,0.942817,0.0,1,0.0375
S0591,10.0,10.0,siren,13.829,20.4892,6.6603,13.6496,20.936,7.2863,0.900086,0.886711,-0.013375,2.176769,2.585719,0.40895,0.96537,0.0,1,0.0272
S0605,10.0,10.0,gunshot,10.251,16.0584,5.8073,10.2765,16.2123,5.9358,0.706532,0.797903,0.091372,1.405024,1.655403,0.250379,1.025956,0.0,1,0.0286
S0611,10.0,10.0,gunshot,7.4372,16.6527,9.2155,7.3816,16.5783,9.1966,0.967515,0.98537,0.017854,2.168881,2.740093,0.571212,0.999152,0.0,1,0.0308
S0623,10.0,10.0,helicopter,11.6794,15.0201,3.3408,11.7185,15.0693,3.3508,0.948217,0.967565,0.019349,1.362946,1.634006,0.27106,1.020757,0.0,1,0.05
S0624,10.0,10.0,helicopter,12.0178,19.0934,7.0756,11.9943,19.0947,7.1004,0.991029,0.988344,-0.002685,2.990853,2.796934,-0.193918,1.006202,0.0,1,0.0297
S0626,10.0,10.0,helicopter,7.5282,18.3258,10.7975,7.4954,18.3525,10.8571,0.971891,0.966494,-0.005396,1.385762,1.710846,0.325084,1.010116,0.0,1,0.0274
S0632,10.0,10.0,helicopter,11.186,15.1181,3.9321,11.1844,15.1194,3.935,0.905092,0.921314,0.016221,1.621746,1.97636,0.354614,1.015332,0.0,1,0.0286
S0638,10.0,10.0,helicopter,21.6422,22.3911,0.7489,21.6341,22.3984,0.7643,0.947999,0.94939,0.001391,2.149936,2.581559,0.431623,1.003668,0.0,1,0.0365
S0666,10.0,10.0,wind,15.3082,16.8052,1.497,15.3173,16.773,1.4557,0.971177,0.96735,-0.003827,1.758567,1.993831,0.235265,1.006295,0.0,1,0.0257
S0688,15.0,15.0,armored_vehicle,16.116,19.5772,3.4612,16.1029,19.7855,3.6826,0.981082,0.979971,-0.001111,1.704468,2.518493,0.814024,0.969779,0.0,1,0.0271
S0697,15.0,15.0,artillery,11.7409,16.505,4.7641,11.7299,16.5055,4.7756,0.666898,0.74545,0.078551,1.314167,1.79184,0.477673,1.011176,0.0,1,0.0416
S0711,15.0,15.0,artillery,26.5142,29.6435,3.1293,38.8277,35.47,-3.3577,0.999983,0.99943,-0.000553,4.585483,4.604583,0.0191,0.971572,0.0,1,0.0282
S0725,15.0,15.0,drone,15.7926,28.048,12.2554,15.7905,28.0878,12.2974,0.998026,0.997968,-5.7e-05,2.295854,3.331642,1.035787,1.003313,0.0,1,0.0299
S0727,15.0,15.0,drone,16.5811,22.4156,5.8345,16.5617,22.4741,5.9124,0.997342,0.997466,0.000124,3.531205,3.684954,0.153749,1.007601,0.0,1,0.0234
S0735,15.0,15.0,drone,14.9509,16.7905,1.8396,14.9544,16.862,1.9076,0.961088,0.966426,0.005338,2.614788,2.794666,0.179878,1.017381,0.0,1,0.0273
S0742,15.0,15.0,siren,17.4839,19.1811,1.6972,17.4705,19.2139,1.7433,0.972226,0.973168,0.000942,2.018644,2.081338,0.062695,1.009318,0.0,1,0.0288
S0749,15.0,15.0,siren,18.052,23.1571,5.1052,18.1698,23.6658,5.4961,0.924241,0.906468,-0.017773,1.716249,2.951781,1.235532,0.974347,0.0,1,0.0243
S0751,15.0,15.0,siren,14.9428,18.514,3.5712,14.9676,18.4812,3.5135,0.921309,0.917818,-0.003491,1.499116,2.256031,0.756915,1.002524,0.0,1,0.0263
S0774,15.0,15.0,gunshot,14.8324,6.495,-8.3374,14.8657,5.5358,-9.3298,0.999852,0.939438,-0.060414,4.60401,2.89707,-1.70694,0.808787,0.0,1,0.0243
S0784,15.0,15.0,gunshot,17.7926,20.8552,3.0626,17.7822,20.8924,3.1102,0.958148,0.960204,0.002056,2.176245,2.302542,0.126297,1.007609,0.0,1,0.0244
S0787,15.0,15.0,gunshot,15.8422,20.8308,4.9887,15.8424,20.8318,4.9894,0.994365,0.985524,-0.008841,2.797586,2.910073,0.112487,1.0042,0.0,1,0.0258
S0788,15.0,15.0,gunshot,16.9247,19.2088,2.2841,16.8374,19.2002,2.3628,0.920926,0.929813,0.008888,1.433695,1.720199,0.286504,0.983143,0.0,1,0.0231
S0794,15.0,15.0,helicopter,21.6509,22.4936,0.8427,21.6405,22.6193,0.9788,0.979478,0.981271,0.001794,3.052441,3.126077,0.073635,1.011073,0.0,1,0.0299
S0810,15.0,15.0,helicopter,11.6556,21.1697,9.5141,11.6443,21.2589,9.6146,0.902022,0.861405,-0.040618,2.169803,2.632682,0.462879,1.010801,0.0,1,0.0331
S0814,15.0,15.0,wind,14.109,20.417,6.3081,14.0887,20.4445,6.3558,0.980591,0.987156,0.006564,1.611513,2.711622,1.100109,1.007259,0.0,1,0.0272
S0829,15.0,15.0,wind,15.3406,20.3105,4.9699,15.3127,20.2873,4.9746,0.933702,0.952634,0.018932,2.551822,2.844305,0.292484,1.000995,0.0,1,0.0232
S0855,20.0,20.0,armored_vehicle,26.014,27.5828,1.5687,26.0157,27.5852,1.5694,0.947108,0.94877,0.001662,2.753488,3.01466,0.261172,1.000653,0.0,1,0.0286
S0857,20.0,20.0,armored_vehicle,21.4373,22.7375,1.3002,21.4788,22.8147,1.3358,0.954593,0.956109,0.001515,2.236851,2.315202,0.078351,1.007395,0.0,1,0.0284
S0871,20.0,20.0,artillery,17.7543,19.5246,1.7702,17.7223,19.4979,1.7756,0.775639,0.799898,0.024259,2.04229,2.341838,0.299547,1.001903,0.0,1,0.0286
S0892,20.0,20.0,drone,25.498,16.7291,-8.7689,25.4963,16.666,-8.8302,0.975098,0.938822,-0.036276,3.086603,3.599913,0.51331,0.97742,0.0,1,0.0235
S0902,20.0,20.0,drone,21.3614,21.5373,0.1759,21.3798,21.5558,0.176,0.997039,0.993352,-0.003687,2.941173,3.032645,0.091472,1.005189,0.0,1,0.0257
S0921,20.0,20.0,siren,20.5285,23.5333,3.0048,20.5371,23.6927,3.1557,0.893674,0.917905,0.024231,1.914662,2.717394,0.802732,1.011207,0.0,1,0.0266
S0944,20.0,20.0,gunshot,21.0986,21.8172,0.7186,21.1116,21.8824,0.7709,0.983661,0.977465,-0.006196,2.350138,2.844553,0.494415,1.008568,0.0,1,0.0259
S0946,20.0,20.0,gunshot,21.392,24.4016,3.0096,21.4011,24.4495,3.0485,0.993126,0.990506,-0.00262,3.357265,3.72266,0.365395,1.005469,0.0,1,0.0282
S0952,20.0,20.0,gunshot,19.8524,23.6379,3.7855,19.8506,23.6468,3.7962,0.983542,0.959558,-0.023983,3.703144,3.803472,0.100327,1.002809,0.0,1,0.0249
S0988,20.0,20.0,wind,20.1588,22.1154,1.9567,20.1819,22.2582,2.0762,0.994374,0.99306,-0.001313,3.135302,3.439868,0.304566,1.012332,0.0,1,0.0283
S0990,20.0,20.0,wind,22.1514,17.7243,-4.4272,22.1488,17.6603,-4.4885,0.975286,0.953722,-0.021564,1.957795,2.340971,0.383175,0.997597,0.0,1,0.0311
